codigo;nome;lote;segmento;capital_reais;antes_h1;antes_h2;antes_h3;antes_h4;antes_h5;antes_resumo;depois_h1;depois_h2;depois_h3;depois_h4;depois_h5;depois_resumo;mudou;motivo;id
"ZL3-URI";"AREIA";"1";"capital_preso";"17147";"AREIA";"";"";"";"";"AREIA";"AREIA";"A GRANEL";"";"";"";"AREIA › A GRANEL";"SIM";"Material básico";"69bd5b5a218c3cc383bf5fed"
"49S-08P";"SEIXO";"1";"com_giro";"2145.6";"SEIXO";"";"";"";"";"SEIXO";"SEIXO";"A GRANEL";"";"";"";"SEIXO › A GRANEL";"SIM";"Material básico";"69bd5d0584f9f020c2786537"
"S4W-9FU";"TELHA ONDULADA GALVALUME GSP 0,66 X 2,44 M NORTFORT 0,6";"1";"com_giro";"1100.8";"TELHA ONDULADA GALVALUME GSP 0,66 X 2,44 M NORTFORT 0,6";"";"";"";"";"TELHA ONDULADA GALVALUME GSP 0,66 X 2,44 M NORTFORT 0,6";"TELHA ONDULADA GALVALUME GSP 0,66";"66 X 2";"";"";"Nortfort";"TELHA ONDULADA GALVALUME GSP 0,66 › 66 X 2 › Nortfort";"SIM";"Nome curto + apresentação";"69bd5d22879dc9852dd2963a"
"5AE-0MX";"TORNEIRA DE MESA PARA LAVATORIO BICA MOVEL CROMADA DN15";"1";"capital_preso";"970.9";"TORNEIRA DE MESA PARA LAVATORIO BICA MOVEL CROMADA DN15";"";"";"";"";"TORNEIRA DE MESA PARA LAVATORIO BICA MOVEL CROMADA DN15";"TORNEIRA P/ LAVATÓRIO";"DN15 BICA MÓVEL";"";"";"Roma";"TORNEIRA P/ LAVATÓRIO › DN15 BICA MÓVEL › Roma";"SIM";"Torneira por uso";"69bd64cbd28a88c8d46a4db8"
"1O7-2GY";"NOVA RAZ 260 5L";"1";"com_giro";"953.44";"NOVA RAZ 260 5L";"";"";"";"";"NOVA RAZ 260 5L";"NOVA RAZ 260 5L";"5L";"";"";"";"NOVA RAZ 260 5L › 5L";"SIM";"Nome curto + apresentação";"69bd5c0035365fffe51d1a88"
"LSZ-65P";"PERFIL DE PVC COLONIAL BRANCO 06M #G";"1";"com_giro";"739.04";"PERFIL DE PVC COLONIAL BRANCO 06M #G";"";"";"";"";"PERFIL DE PVC COLONIAL BRANCO 06M #G";"PERFIL PVC COLONIAL";"06 M";"";"";"";"PERFIL PVC COLONIAL › 06 M";"SIM";"Perfil PVC + comprimento";"69bd5c03466b036d0c70f578"
"JCB-KJ5";"QUADRO DE DISTRIBUIÇÃO 12 - TRIAL";"1";"capital_preso";"668.27";"QUADRO DE DISTRIBUIÇÃO 12 - TRIAL";"";"";"";"";"QUADRO DE DISTRIBUIÇÃO 12 - TRIAL";"QUADRO DISTRIBUIÇÃO 12 - TRIAL";"AVULSO";"";"";"";"QUADRO DISTRIBUIÇÃO 12 - TRIAL › AVULSO";"SIM";"Produto avulso — revisar depois";"69bd5cce82fb5ee958fb84ff"
"W1L-1VW";"REV 34X50 EURO GALICIA MARROM EXT. (2,38 M2)";"1";"com_giro";"666.23";"REV 34X50 EURO GALICIA MARROM EXT. (2,38 M2)";"";"";"";"";"REV 34X50 EURO GALICIA MARROM EXT. (2,38 M2)";"REVESTIMENTO";"34X50";"";"";"";"REVESTIMENTO › 34X50";"SIM";"Revestimento + formato";"69bd5cfdc386531ad5065d99"
"P85-O76";"TORNEIRA 2877 C70 MONOCOMANDO WATERFALL";"1";"capital_preso";"607.9";"TORNEIRA 2877 C70 MONOCOMANDO WATERFALL";"";"";"";"";"TORNEIRA 2877 C70 MONOCOMANDO WATERFALL";"TORNEIRA MONOCOMANDO";"AVULSO";"";"";"";"TORNEIRA MONOCOMANDO › AVULSO";"SIM";"Torneira por uso";"69bd64c6b92f375e9640d0e8"
"E6M-3SX";"PERFIL DE PVC U 06M #G";"1";"com_giro";"437.8";"PERFIL DE PVC U 06M #G";"";"";"";"";"PERFIL DE PVC U 06M #G";"PERFIL PVC U";"06 M";"";"";"";"PERFIL PVC U › 06 M";"SIM";"Perfil PVC + comprimento";"69bd5c03babbb02e1efc7b91"
"I1F-GOK";"SIFAO METALICO DE 1.1/2"" X 1.1/2""";"1";"capital_preso";"412.98";"SIFAO METALICO DE 1.1/2"" X 1.1/2""";"";"";"";"";"SIFAO METALICO DE 1.1/2"" X 1.1/2""";"SIFAO METALICO 1.1/2"" X 1.1/2""";"1/2";"";"";"";"SIFAO METALICO 1.1/2"" X 1.1/2"" › 1/2";"SIM";"Nome curto + apresentação";"69bd5d08c0db240ca29ca603"
"I2H-1R0";"THINNER ANJO 2750 900ML";"1";"com_giro";"401.6";"THINNER ANJO 2750 900ML";"";"";"";"";"THINNER ANJO 2750 900ML";"THINNER";"900ML";"";"";"";"THINNER › 900ML";"SIM";"Tinta/verniz: produto + volume";"69bd5d230e06c433b7d11ec5"
"IB2-73R";"REGISTRO ESF LATAO 3/4""PASS PLENA #12(*)";"1";"capital_preso";"388.31";"REGISTRO ESF LATAO 3/4""PASS PLENA #12(*)";"";"";"";"";"REGISTRO ESF LATAO 3/4""PASS PLENA #12(*)";"REGISTRO";"3/4";"";"";"";"REGISTRO › 3/4";"SIM";"Registro + medida";"69bd5ce3b188ced2d2c519e6"
"6V9-XI0";"SELADOR ACRILICO - GL";"1";"capital_preso";"375";"SELADOR ACRILICO - GL";"";"";"";"";"SELADOR ACRILICO - GL";"TINTA SELADOR ACRÍLICO";"GL";"";"";"";"TINTA SELADOR ACRÍLICO › GL";"SIM";"Tinta/verniz: produto + volume";"69bd5d06af84abb0c891c3c2"
"LXE-85B";"PERFIL DE PVC H 06M #G";"1";"com_giro";"351.4";"PERFIL DE PVC H 06M #G";"";"";"";"";"PERFIL DE PVC H 06M #G";"PERFIL PVC";"06 M";"";"";"";"PERFIL PVC › 06 M";"SIM";"Perfil PVC + comprimento";"69bd5c034f9521186107ec48"
"R2C-HIW";"RALO SIMPLES QUADRADO 100X52X40 - KRONA";"1";"com_giro";"349.6";"RALO SIMPLES QUADRADO 100X52X40 - KRONA";"";"";"";"";"RALO SIMPLES QUADRADO 100X52X40 - KRONA";"RALO SIMPLES QUADRADO 100X52X40 -";"100X52X40";"";"";"";"RALO SIMPLES QUADRADO 100X52X40 - › 100X52X40";"SIM";"Nome curto + apresentação";"69bd5cd2d20bbdb326aa4835"
"SV7-Q22";"TORNEIRA BICA MOVEL MESA 1156 SHK ABS";"1";"capital_preso";"317.46";"TORNEIRA BICA MOVEL MESA 1156 SHK ABS";"";"";"";"";"TORNEIRA BICA MOVEL MESA 1156 SHK ABS";"TORNEIRA DE MESA";"BICA MÓVEL";"";"";"";"TORNEIRA DE MESA › BICA MÓVEL";"SIM";"Torneira por uso";"69bd64c9de9614ca421758c7"
"XR1-ZRK";"PONTALETE GALVANIZADO LEVE BIFASICO 3 MT";"1";"com_giro";"307.77";"PONTALETE GALVANIZADO LEVE BIFASICO 3 MT";"";"";"";"";"PONTALETE GALVANIZADO LEVE BIFASICO 3 MT";"PONTALETE GALVANIZADO LEVE BIFASICO 3";"AVULSO";"";"";"";"PONTALETE GALVANIZADO LEVE BIFASICO 3 › AVULSO";"SIM";"Produto avulso — revisar depois";"69bd5cc395c422bee4a253e8"
"9W0-FQI";"SIFAO METALICO DE 1.1/4"" X 1.1/2""";"1";"capital_preso";"290.79";"SIFAO METALICO DE 1.1/4"" X 1.1/2""";"";"";"";"";"SIFAO METALICO DE 1.1/4"" X 1.1/2""";"SIFAO METALICO 1.1/4"" X 1.1/2""";"1/4";"";"";"";"SIFAO METALICO 1.1/4"" X 1.1/2"" › 1/4";"SIM";"Nome curto + apresentação";"69bd5d09de9614ca42174f94"
"K9O-WKV";"REGULADOR P/GAS COM MANGUEIRA";"1";"com_giro";"276.44";"REGULADOR P/GAS COM MANGUEIRA";"";"";"";"";"REGULADOR P/GAS COM MANGUEIRA";"REGULADOR P/GAS MANGUEIRA";"AVULSO";"";"";"";"REGULADOR P/GAS MANGUEIRA › AVULSO";"SIM";"Produto avulso — revisar depois";"69bd5cef87854e4bffcb2830"
"0E4-4JI";"TORNEIRA BICA MÓVEL MESA SHB ABS 1/4 DE VOLTA DN15";"1";"capital_preso";"276.2";"TORNEIRA BICA MÓVEL MESA SHB ABS 1/4 DE VOLTA DN15";"";"";"";"";"TORNEIRA BICA MÓVEL MESA SHB ABS 1/4 DE VOLTA DN15";"TORNEIRA DE MESA";"DN15 BICA MÓVEL";"";"";"";"TORNEIRA DE MESA › DN15 BICA MÓVEL";"SIM";"Torneira por uso";"69bd64ca5195805d0dfbe47a"
"9ES-MWX";"TORNEIRA DE PAREDE PARA LAVATORIO CROMADA DN15 1178P61";"1";"capital_preso";"256.08";"TORNEIRA DE PAREDE PARA LAVATORIO CROMADA DN15";"";"";"";"1178P61";"TORNEIRA DE PAREDE PARA LAVATORIO CROMADA DN15 › 1178P61";"TORNEIRA P/ LAVATÓRIO";"DN15";"";"";"Roma";"TORNEIRA P/ LAVATÓRIO › DN15 › Roma";"SIM";"Torneira por uso";"69bd64cc60bde87a90e22185"
"02Q-PPC";"REGISTRO GAVETA LATAO 3/4"" (*)";"1";"capital_preso";"252.67";"REGISTRO GAVETA LATAO 3/4"" (*)";"";"";"";"";"REGISTRO GAVETA LATAO 3/4"" (*)";"REGISTRO";"3/4";"";"";"";"REGISTRO › 3/4";"SIM";"Registro + medida";"69bd5cea0e06c433b7d11eb1"
"95B-U2J";"MASSA ACRILICA (BD 20 KG) HIPERCOR";"1";"com_giro";"251.82";"MASSA ACRILICA (BD 20 KG) HIPERCOR";"";"";"";"";"MASSA ACRILICA (BD 20 KG) HIPERCOR";"MASSA ACRÍLICA";"20 KG";"";"";"HIPERCOR";"MASSA ACRÍLICA › 20 KG › HIPERCOR";"SIM";"Massa/argamassa: produto + apresentação";"69d51028452000718b930377"
"77V-9SN";"THINNER ANJO 5L";"1";"com_giro";"247.88";"THINNER ANJO 5L";"";"";"";"";"THINNER ANJO 5L";"THINNER";"5L";"";"";"";"THINNER › 5L";"SIM";"Tinta/verniz: produto + volume";"69bd5d2428a4ccff44690337"
"Z28-TGZ";"SPOT LED AUXILIAR PEQUENO 03W QUAD 6500K";"1";"capital_preso";"232.67";"SPOT LED AUXILIAR PEQUENO 03W QUAD 6500K";"";"";"";"";"SPOT LED AUXILIAR PEQUENO 03W QUAD 6500K";"SPOT LED";"03W 6500K";"";"";"";"SPOT LED › 03W 6500K";"SIM";"Iluminação";"69bd5d0bc5b1728a6f773fa0"
"PXF-N4V";"TORNEIRA PARA TANQUE OU MAQUINA DE LAVAR J4 DN15";"1";"capital_preso";"230.07";"TORNEIRA PARA TANQUE OU MAQUINA DE LAVAR J4 DN15";"";"";"";"";"TORNEIRA PARA TANQUE OU MAQUINA DE LAVAR J4 DN15";"TORNEIRA";"DN15";"";"";"";"TORNEIRA › DN15";"SIM";"Torneira por uso";"69bd64d137b785a845b2a053"
"C0S-3C9";"LAPIS DE CARPINTEIRO IRWIN";"1";"capital_preso";"229.9";"LAPIS DE CARPINTEIRO IRWIN";"";"";"";"";"LAPIS DE CARPINTEIRO IRWIN";"LAPIS CARPINTEIRO IRWIN";"AVULSO";"";"";"";"LAPIS CARPINTEIRO IRWIN › AVULSO";"SIM";"Produto avulso — revisar depois";"69bd5bd98ab8c7db8ce27b1b"
"3HY-WE8";"MANTA LÍQUIDA PRETA 3,6 KG QUARTZOLIT - GL";"1";"capital_preso";"224.87";"MANTA LÍQUIDA PRETA 3,6 KG QUARTZOLIT - GL";"";"";"";"";"MANTA LÍQUIDA PRETA 3,6 KG QUARTZOLIT - GL";"MANTA LÍQUIDA";"6 KG";"";"";"Quartzolit";"MANTA LÍQUIDA › 6 KG › Quartzolit";"SIM";"Massa/argamassa: produto + apresentação";"69bd5bf95c42c2f22b8f364d"
"P2O-L4L";"TORNEIRA (PURIFICADOR) ACQUA DUE MESA";"1";"capital_preso";"219.32";"TORNEIRA (PURIFICADOR) ACQUA DUE MESA";"";"";"";"";"TORNEIRA (PURIFICADOR) ACQUA DUE MESA";"TORNEIRA DE MESA";"AVULSO";"";"";"";"TORNEIRA DE MESA › AVULSO";"SIM";"Torneira por uso";"69bd64c67c0bdfe29e876b6b"
"ICB-42A";"RESISTENCIA 3065 ACQUA ULTRA 127/5500";"1";"capital_preso";"211.26";"RESISTENCIA 3065 ACQUA ULTRA 127/5500";"";"";"";"";"RESISTENCIA 3065 ACQUA ULTRA 127/5500";"RESISTENCIA 3065 ACQUA ULTRA 127/5500";"127/5500";"";"";"";"RESISTENCIA 3065 ACQUA ULTRA 127/5500 › 127/5500";"SIM";"Nome curto + apresentação";"69bd5cfc0d97b49ab900d6c4"
"0UA-0IH";"NIPEL ROSCAVEL 1/2";"1";"com_giro";"208.38";"NIPEL ROSCAVEL 1/2";"";"";"";"";"NIPEL ROSCAVEL 1/2";"NIPEL ROSCAVEL 1/2";"1/2";"";"";"";"NIPEL ROSCAVEL 1/2 › 1/2";"SIM";"Nome curto + apresentação";"69bd5c002141c63aac264cd5"
"5C4-IXK";"REGISTRO PRESSAO J4 DN20";"1";"capital_preso";"199.36";"REGISTRO PRESSAO J4 DN20";"";"";"";"";"REGISTRO PRESSAO J4 DN20";"REGISTRO PRESSÃO";"20";"";"";"";"REGISTRO PRESSÃO › 20";"SIM";"Registro + medida";"69bd5cedd222ae588abc84af"
"A3I-Q2G";"RESITENCIA 3065-I LOREN SHOWER ULTRA 127 V/ 5500 W";"1";"capital_preso";"196.56";"RESITENCIA 3065-I LOREN SHOWER ULTRA 127 V/ 5500 W";"";"";"";"";"RESITENCIA 3065-I LOREN SHOWER ULTRA 127 V/ 5500 W";"RESITENCIA 3065-I LOREN SHOWER ULTRA";"AVULSO";"";"";"";"RESITENCIA 3065-I LOREN SHOWER ULTRA › AVULSO";"SIM";"Produto avulso — revisar depois";"69bd5cfc9177ff17ad9e1f2e"
"HQP-C8A";"MICTORIO COM SIFAO BARI";"1";"capital_preso";"195.88";"MICTORIO COM SIFAO BARI";"";"";"";"";"MICTORIO COM SIFAO BARI";"MICTORIO SIFAO BARI";"AVULSO";"";"";"";"MICTORIO SIFAO BARI › AVULSO";"SIM";"Produto avulso — revisar depois";"69bd5bff5f9e43c4409fdf2a"
"0JH-QC6";"REGISTRO ESFERA PLASTICO 40MM SOLDAVEL - VEPS140";"1";"capital_preso";"194.13";"REGISTRO ESFERA PLASTICO 40MM SOLDAVEL - VEPS140";"";"";"";"";"REGISTRO ESFERA PLASTICO 40MM SOLDAVEL - VEPS140";"REGISTRO ESFERA";"40MM";"";"";"";"REGISTRO ESFERA › 40MM";"SIM";"Registro + medida";"69bd5ce6eb2ceb71cfd3e167"
"XDT-AZ2";"REGISTRO PRESSAO J4 DN15";"1";"capital_preso";"190.8";"REGISTRO PRESSAO J4 DN15";"";"";"";"";"REGISTRO PRESSAO J4 DN15";"REGISTRO PRESSÃO";"15";"";"";"";"REGISTRO PRESSÃO › 15";"SIM";"Registro + medida";"69bd5ced3c4709da3f3e0932"
"DSM-KP4";"TORNEIRA BICA MOVEL PARA LAVATORIO J4 DN15";"1";"capital_preso";"184.74";"TORNEIRA BICA MOVEL PARA LAVATORIO J4 DN15";"";"";"";"";"TORNEIRA BICA MOVEL PARA LAVATORIO J4 DN15";"TORNEIRA P/ LAVATÓRIO";"DN15 BICA MÓVEL";"";"";"";"TORNEIRA P/ LAVATÓRIO › DN15 BICA MÓVEL";"SIM";"Torneira por uso";"69bd64cab55914d4d78a5548"
"29C-UHG";"SELADOR P/ MADEIRA INCOLOR IQUINE - GL";"1";"capital_preso";"181.05";"SELADOR P/ MADEIRA INCOLOR IQUINE - GL";"";"";"";"";"SELADOR P/ MADEIRA INCOLOR IQUINE - GL";"TINTA SELADOR ACRÍLICO";"GL";"";"";"Iquine";"TINTA SELADOR ACRÍLICO › GL › Iquine";"SIM";"Tinta/verniz: produto + volume";"69bd5d06863236bd61cbf9b3"
"MCV-42T";"RESISTENCIA 3060A 127/5500 DUOSHOW/FUT";"1";"capital_preso";"176.5";"RESISTENCIA 3060A 127/5500 DUOSHOW/FUT";"";"";"";"";"RESISTENCIA 3060A 127/5500 DUOSHOW/FUT";"RESISTENCIA 3060A 127/5500 DUOSHOW/FUT";"127/5500";"";"";"";"RESISTENCIA 3060A 127/5500 DUOSHOW/FUT › 127/5500";"SIM";"Nome curto + apresentação";"69bd5cfb202fe4a8b0e42a47"
"G21-LEK";"CONECTOR P/HASTE ATERRAM.1/2 TAF";"1";"capital_preso";"173.8";"CONECTOR P/HASTE ATERRAM.1/2 TAF";"";"";"";"";"CONECTOR P/HASTE ATERRAM.1/2 TAF";"CONECTOR P/HASTE ATERRAM.1/2 TAF";"1/2";"";"";"";"CONECTOR P/HASTE ATERRAM.1/2 TAF › 1/2";"SIM";"Nome curto + apresentação";"69bd5b8c0b365ad7fb666d61"
"4T1-52O";"TORNEIRA (PURIFICADOR) ACQUA BELLA MESA";"1";"capital_preso";"173.13";"TORNEIRA (PURIFICADOR) ACQUA BELLA MESA";"";"";"";"";"TORNEIRA (PURIFICADOR) ACQUA BELLA MESA";"TORNEIRA DE MESA";"AVULSO";"";"";"";"TORNEIRA DE MESA › AVULSO";"SIM";"Torneira por uso";"69bd64c4d99cc1810db9ebd7"
"2AX-V8I";"TORNEIRA (PURIFICADOR) ACQUA BELLA PAREDE";"1";"capital_preso";"173.13";"TORNEIRA (PURIFICADOR) ACQUA BELLA PAREDE";"";"";"";"";"TORNEIRA (PURIFICADOR) ACQUA BELLA PAREDE";"TORNEIRA";"AVULSO";"";"";"";"TORNEIRA › AVULSO";"SIM";"Torneira por uso";"69bd64c579845daa782dc419"
"1KL-WNB";"REGISTRO ESF LATAO 2"" PASS PLENA #2(*)";"1";"capital_preso";"166.42";"REGISTRO ESF LATAO 2"" PASS PLENA #2(*)";"";"";"";"";"REGISTRO ESF LATAO 2"" PASS PLENA #2(*)";"REGISTRO";"AVULSO";"";"";"";"REGISTRO › AVULSO";"SIM";"Registro + medida";"69bd5ce362335b62a1184702"
"VU4-HEU";"REGISTRO ESFERA PLASTICO 60MM SOLDAVEL - VEPS160";"1";"capital_preso";"165.2";"REGISTRO ESFERA PLASTICO 60MM SOLDAVEL - VEPS160";"";"";"";"";"REGISTRO ESFERA PLASTICO 60MM SOLDAVEL - VEPS160";"REGISTRO ESFERA";"60MM";"";"";"";"REGISTRO ESFERA › 60MM";"SIM";"Registro + medida";"69bd5ce7744e5f211dbc82cf"
"J10-DXC";"RESISTENCIA 3055-Q 127V 5500W";"1";"capital_preso";"161.73";"RESISTENCIA 3055-Q 127V 5500W";"";"";"";"";"RESISTENCIA 3055-Q 127V 5500W";"RESISTENCIA 3055-Q 127V 5500W";"AVULSO";"";"";"";"RESISTENCIA 3055-Q 127V 5500W › AVULSO";"SIM";"Produto avulso — revisar depois";"69bd5cfb7629c31cc64b97d4"
"MNG-PX8";"SPOT LED AUXILIAR GRANDE 06W QUAD 6500K";"1";"capital_preso";"157.8";"SPOT LED AUXILIAR GRANDE 06W QUAD 6500K";"";"";"";"";"SPOT LED AUXILIAR GRANDE 06W QUAD 6500K";"SPOT LED";"06W 6500K";"";"";"";"SPOT LED › 06W 6500K";"SIM";"Iluminação";"69bd5d0a0d97b49ab900d6c5"
"BKI-Z0Q";"REGISTRO ESFERA ROSCÁVEL METAL 1/2";"1";"capital_preso";"147";"REGISTRO ESFERA ROSCÁVEL METAL 1/2";"";"";"";"";"REGISTRO ESFERA ROSCÁVEL METAL 1/2";"REGISTRO ESFERA";"1/2";"";"";"";"REGISTRO ESFERA › 1/2";"SIM";"Registro + medida";"69bd5ce83e4a8881901f4a08"
"2W2-8W1";"TORNEIRA P/LAVATORIO MESA PLASTICA BRANCA 1 DN15";"1";"capital_preso";"146.08";"TORNEIRA P/LAVATORIO MESA PLASTICA BRANCA 1 DN15";"";"";"";"";"TORNEIRA P/LAVATORIO MESA PLASTICA BRANCA 1 DN15";"TORNEIRA P/ LAVATÓRIO";"DN15";"";"";"";"TORNEIRA P/ LAVATÓRIO › DN15";"SIM";"Torneira por uso";"69bd64d1ac44405a3bebe9fe"
"YU6-OS4";"UNIAO ROSCAVEL 3/4";"1";"capital_preso";"143.52";"UNIAO ROSCAVEL 3/4";"";"";"";"";"UNIAO ROSCAVEL 3/4";"UNIAO ROSCAVEL 3/4";"3/4";"";"";"";"UNIAO ROSCAVEL 3/4 › 3/4";"SIM";"Nome curto + apresentação";"69bd64dd857bda26cada8cab"
"71I-W47";"TORNEIRA PARA LAVATORIO J4 DN15";"1";"capital_preso";"143.22";"TORNEIRA PARA LAVATORIO J4 DN15";"";"";"";"";"TORNEIRA PARA LAVATORIO J4 DN15";"TORNEIRA P/ LAVATÓRIO";"DN15";"";"";"";"TORNEIRA P/ LAVATÓRIO › DN15";"SIM";"Torneira por uso";"69bd64d1487a808fb2c6463e"
"JSJ-SA0";"PIA TRAMONTINA AÇO INOX 01CUBA 105X52";"1";"com_giro";"142.14";"PIA TRAMONTINA AÇO INOX 01CUBA 105X52";"";"";"";"";"PIA TRAMONTINA AÇO INOX 01CUBA 105X52";"PIA TRAMONTINA AÇO INOX 01CUBA";"105X52";"";"";"Tramontina";"PIA TRAMONTINA AÇO INOX 01CUBA › 105X52 › Tramontina";"SIM";"Nome curto + apresentação";"69bd5c04fe4419b0cda91d2e"
"RU6-NG6";"RESISTENCIA 3056E 127/5500 ELE ADVANCED/TOP";"1";"capital_preso";"138.04";"RESISTENCIA 3056E 127/5500 ELE ADVANCED/TOP";"";"";"";"";"RESISTENCIA 3056E 127/5500 ELE ADVANCED/TOP";"RESISTENCIA 3056E 127/5500 ELE ADVANCED/TOP";"127/5500";"";"";"";"RESISTENCIA 3056E 127/5500 ELE ADVANCED/TOP › 127/5500";"SIM";"Nome curto + apresentação";"69bd5cfbf705b0359ad17eac"
"ZKK-T28";"PIA BANHEIRO LOGASA C/COLUNA 47x42,5 BRANCO";"1";"com_giro";"137.4";"PIA BANHEIRO LOGASA C/COLUNA 47x42,5 BRANCO";"";"";"";"";"PIA BANHEIRO LOGASA C/COLUNA 47x42,5 BRANCO";"PIA BANHEIRO LOGASA C/COLUNA 47x42,5";"47X42";"";"";"";"PIA BANHEIRO LOGASA C/COLUNA 47x42,5 › 47X42";"SIM";"Nome curto + apresentação";"69bd5c04c0db240ca29ca5bf"
"17Y-N2V";"TUBO DESCARGA 40MM";"1";"capital_preso";"133.2";"TUBO DESCARGA 40MM";"";"";"";"";"TUBO DESCARGA 40MM";"TUBO ESGOTO";"40 MM";"";"";"";"TUBO ESGOTO › 40 MM";"SIM";"Conexão hidráulica";"69bd64d5de2b4ea01e86857e"
"50K-KDC";"RESISTENCIA 755-E P/ AQUECEDOR VERSATIL 127 V / 5500W";"1";"capital_preso";"132.37";"RESISTENCIA 755-E P/ AQUECEDOR VERSATIL 127 V / 5500W";"";"";"";"";"RESISTENCIA 755-E P/ AQUECEDOR VERSATIL 127 V / 5500W";"RESISTENCIA 755-E AQUECEDOR VERSATIL 127";"AVULSO";"";"";"";"RESISTENCIA 755-E AQUECEDOR VERSATIL 127 › AVULSO";"SIM";"Produto avulso — revisar depois";"69bd5cfc15e1f99d9bde71d0"
"BJY-X0P";"REGISTRO GAVETA LATAO 1/2"" (*)";"1";"capital_preso";"131.6";"REGISTRO GAVETA LATAO 1/2"" (*)";"";"";"";"";"REGISTRO GAVETA LATAO 1/2"" (*)";"REGISTRO";"1/2";"";"";"";"REGISTRO › 1/2";"SIM";"Registro + medida";"69bd5ce95c1d08409bc574c6"
"9OT-T6T";"PINCEL 4";"1";"com_giro";"127.3";"PINCEL 4";"";"";"";"";"PINCEL 4";"PINCEL 4";"AVULSO";"";"";"";"PINCEL 4 › AVULSO";"SIM";"Produto avulso — revisar depois";"69bd5c77321c8f3b73805a3b"
"Y5C-13A";"TAPA-FURO DE 20mm";"1";"capital_preso";"118.75";"TAPA-FURO DE 20mm";"";"";"";"";"TAPA-FURO DE 20mm";"TAPA-FURO 20mm";"20mm";"";"";"";"TAPA-FURO 20mm › 20mm";"SIM";"Nome curto + apresentação";"69bd5d0db92618cbebe688cf"
"THW-0LC";"TAPA-FURO DE 25mm";"1";"capital_preso";"118.75";"TAPA-FURO DE 25mm";"";"";"";"";"TAPA-FURO DE 25mm";"TAPA-FURO 25mm";"25mm";"";"";"";"TAPA-FURO 25mm › 25mm";"SIM";"Nome curto + apresentação";"69bd5d0dc386531ad5065da5"
"Z32-Y6P";"TE ESGOTO 100MM";"1";"com_giro";"114.66";"TE ESGOTO 100MM";"";"";"";"";"TE ESGOTO 100MM";"TE ESGOTO";"100 MM";"";"";"";"TE ESGOTO › 100 MM";"SIM";"Conexão hidráulica";"69bd5d0ef204de02835130dc"
"KG3-BSR";"TORNEIRA BICA MÓVEL MESA LAVATÓRIO SHB ABS 1/4 DE VOLTA DN15";"1";"capital_preso";"114.65";"TORNEIRA BICA MÓVEL MESA LAVATÓRIO SHB ABS 1/4 DE VOLTA DN15";"";"";"";"";"TORNEIRA BICA MÓVEL MESA LAVATÓRIO SHB ABS 1/4 DE VOLTA DN15";"TORNEIRA DE MESA";"DN15 BICA MÓVEL";"";"";"";"TORNEIRA DE MESA › DN15 BICA MÓVEL";"SIM";"Torneira por uso";"69bd64c93f69c167a9381fd4"
"13S-5TA";"TINTA ACABEMENTO CITYCOLOR (3,6 L) CIMENTO QUEIMADO";"1";"capital_preso";"114";"TINTA ACABEMENTO CITYCOLOR (3,6 L) CIMENTO QUEIMADO";"";"";"";"";"TINTA ACABEMENTO CITYCOLOR (3,6 L) CIMENTO QUEIMADO";"TINTA";"(3,6 L)";"";"";"Citycolor";"TINTA › (3,6 L) › Citycolor";"SIM";"Tinta/verniz: produto + volume";"69bd5d26dff79e5c9f06d3d5"
"N2T-S3T";"RESISTENCIA 065 3T LORENULTRA 127/4600";"1";"capital_preso";"107.01";"RESISTENCIA 065 3T LORENULTRA 127/4600";"";"";"";"";"RESISTENCIA 065 3T LORENULTRA 127/4600";"RESISTENCIA 065 3T LORENULTRA 127/4600";"127/4600";"";"";"";"RESISTENCIA 065 3T LORENULTRA 127/4600 › 127/4600";"SIM";"Nome curto + apresentação";"69bd5cfb0b98c3ae7b18aa02"
"LV0-IUR";"TORNEIRA BICA MOV P/ PIA COZ MESA ABS BRANCA 1 DN15";"1";"capital_preso";"104.44";"TORNEIRA BICA MOV P/ PIA COZ MESA ABS BRANCA 1 DN15";"";"";"";"";"TORNEIRA BICA MOV P/ PIA COZ MESA ABS BRANCA 1 DN15";"TORNEIRA DE MESA";"DN15";"";"";"";"TORNEIRA DE MESA › DN15";"SIM";"Torneira por uso";"69bd64c8d210e268e5e003fa"
"5CC-7CJ";"REGISTRO ESFERA PLASTICO 50MM SOLDAVEL - VEPS150";"1";"capital_preso";"103.28";"REGISTRO ESFERA PLASTICO 50MM SOLDAVEL - VEPS150";"";"";"";"";"REGISTRO ESFERA PLASTICO 50MM SOLDAVEL - VEPS150";"REGISTRO ESFERA";"50MM";"";"";"";"REGISTRO ESFERA › 50MM";"SIM";"Registro + medida";"69bd5ce7c23a742b10444129"
"V3Y-F18";"UNIAO ROSCAVEL 1/2";"1";"capital_preso";"99.84";"UNIAO ROSCAVEL 1/2";"";"";"";"";"UNIAO ROSCAVEL 1/2";"UNIAO ROSCAVEL 1/2";"1/2";"";"";"";"UNIAO ROSCAVEL 1/2 › 1/2";"SIM";"Nome curto + apresentação";"69bd64dd155990918b0a7c04"
"YS0-WFH";"UNIAO ROSCAVEL 1 1/4";"1";"capital_preso";"95.55";"UNIAO ROSCAVEL 1 1/4";"";"";"";"";"UNIAO ROSCAVEL 1 1/4";"UNIAO ROSCAVEL 1 1/4";"1/4";"";"";"";"UNIAO ROSCAVEL 1 1/4 › 1/4";"SIM";"Nome curto + apresentação";"69bd64dd1486242e39726f43"
"ZAF-JZ3";"SERRA MANUAL FLEXIVEL STARRETT";"1";"com_giro";"93.1";"SERRA MANUAL FLEXIVEL STARRETT";"";"";"";"";"SERRA MANUAL FLEXIVEL STARRETT";"SERRA MANUAL FLEXIVEL STARRETT";"AVULSO";"";"";"";"SERRA MANUAL FLEXIVEL STARRETT › AVULSO";"SIM";"Produto avulso — revisar depois";"69bd5d0895c422bee4a2540d"
"8MQ-FIS";"PLUG FEMEA 2P + T 10A";"1";"capital_preso";"90.63";"PLUG FEMEA 2P + T 10A";"";"";"";"";"PLUG FEMEA 2P + T 10A";"PLUG FEMEA 2P + T";"AVULSO";"";"";"";"PLUG FEMEA 2P + T › AVULSO";"SIM";"Produto avulso — revisar depois";"69bd5cc1352eeca99b975d98"
"YCF-12J";"MASSA CORRIDA (BD 20 KG) HIPERCOR #G";"1";"com_giro";"89.8";"MASSA CORRIDA (BD 20 KG) HIPERCOR #G";"";"";"";"";"MASSA CORRIDA (BD 20 KG) HIPERCOR #G";"MASSA CORRIDA";"20 KG";"";"";"Hipercor";"MASSA CORRIDA › 20 KG › Hipercor";"SIM";"Massa/argamassa: produto + apresentação";"69bd5bfd34a3dad2630143ea"
"Z0E-VUO";"RALO SIMPLES REDONDO - REBOUCAS";"1";"capital_preso";"89.47";"RALO SIMPLES REDONDO - REBOUCAS";"";"";"";"";"RALO SIMPLES REDONDO - REBOUCAS";"RALO SIMPLES REDONDO - REBOUCAS";"AVULSO";"";"";"";"RALO SIMPLES REDONDO - REBOUCAS › AVULSO";"SIM";"Produto avulso — revisar depois";"69bd5cd25369da2b252bd8ac"
"H1T-TTY";"TALHADEIRA CHATA 12""";"1";"capital_preso";"87.78";"TALHADEIRA CHATA 12""";"";"";"";"";"TALHADEIRA CHATA 12""";"TALHADEIRA CHATA 12""";"AVULSO";"";"";"";"TALHADEIRA CHATA 12"" › AVULSO";"SIM";"Produto avulso — revisar depois";"69bd5d0c25b76c2e65461a56"
"39E-AH5";"REPARO P/REGISTRO";"1";"capital_preso";"84.45";"REPARO P/REGISTRO";"";"";"";"";"REPARO P/REGISTRO";"REGISTRO";"AVULSO";"";"";"";"REGISTRO › AVULSO";"SIM";"Registro + medida";"69bd5cfa3fd49e0dd3e57f22"
"AAO-UL8";"SIFAO BRANCO";"1";"com_giro";"84.32";"SIFAO BRANCO";"";"";"";"";"SIFAO BRANCO";"SIFAO BRANCO";"AVULSO";"";"";"";"SIFAO BRANCO › AVULSO";"SIM";"Produto avulso — revisar depois";"69bd5d08aa4091a632d3358f"
"X28-HFD";"TE ESGOTO 50MM";"1";"com_giro";"81.4";"TE ESGOTO 50MM";"";"";"";"";"TE ESGOTO 50MM";"TE ESGOTO";"50 MM";"";"";"";"TE ESGOTO › 50 MM";"SIM";"Conexão hidráulica";"69bd5d1087854e4bffcb283d"
"O0W-QOD";"REGISTRO ESFERA ROSCÁVEL METAL 1""";"1";"capital_preso";"78";"REGISTRO ESFERA ROSCÁVEL METAL 1""";"";"";"";"";"REGISTRO ESFERA ROSCÁVEL METAL 1""";"REGISTRO ESFERA";"AVULSO";"";"";"";"REGISTRO ESFERA › AVULSO";"SIM";"Registro + medida";"69bd5ce8cb1808a299eae6e7"
"YPK-P2E";"TORNEIRA BICA MOV P/ LAVATORIO MESA ABS BRANCA 1 DN15";"1";"capital_preso";"76.68";"TORNEIRA BICA MOV P/ LAVATORIO MESA ABS BRANCA 1 DN15";"";"";"";"";"TORNEIRA BICA MOV P/ LAVATORIO MESA ABS BRANCA 1 DN15";"TORNEIRA P/ LAVATÓRIO";"DN15";"";"";"";"TORNEIRA P/ LAVATÓRIO › DN15";"SIM";"Torneira por uso";"69bd64c885f321ea7552a55f"
"34N-6NP";"PRUMO PAREDE HOBBY RAMADA 3854";"1";"capital_preso";"75";"PRUMO PAREDE HOBBY RAMADA 3854";"";"";"";"";"PRUMO PAREDE HOBBY RAMADA 3854";"PRUMO PAREDE HOBBY RAMADA 3854";"AVULSO";"";"";"";"PRUMO PAREDE HOBBY RAMADA 3854 › AVULSO";"SIM";"Produto avulso — revisar depois";"69bd5cce28a4ccff44690317"
"3VQ-C1U";"PINCEL 3";"1";"com_giro";"73.39";"PINCEL 3";"";"";"";"";"PINCEL 3";"PINCEL 3";"AVULSO";"";"";"";"PINCEL 3 › AVULSO";"SIM";"Produto avulso — revisar depois";"69bd5c763e4a61b1922ad727"
"BL4-2TI";"TE ESGOTO 75MM";"2";"com_giro";"67.69";"TE ESGOTO 75MM";"";"";"";"";"TE ESGOTO 75MM";"TE ESGOTO";"75 MM";"";"";"";"TE ESGOTO › 75 MM";"SIM";"Conexão hidráulica";"69bd5d111761fd1c2ce2fe27"
"D7Q-QQ2";"SPOT LED AUXILIAR PEQUENO 03W QUAD 3000K";"2";"capital_preso";"65.85";"SPOT LED AUXILIAR PEQUENO 03W QUAD 3000K";"";"";"";"";"SPOT LED AUXILIAR PEQUENO 03W QUAD 3000K";"SPOT LED";"03W 3000K";"";"";"";"SPOT LED › 03W 3000K";"SIM";"Iluminação";"69bd5d0bd909590fec2260f3"
"2VC-08A";"PINTURA ASFALTICA ACQUA 01 L";"2";"com_giro";"65.07";"PINTURA ASFALTICA ACQUA 01 L";"";"";"";"";"PINTURA ASFALTICA ACQUA 01 L";"TINTA ASFÁLTICA";"01 L";"";"";"";"TINTA ASFÁLTICA › 01 L";"SIM";"Tinta/verniz: produto + volume";"69bd5c777192315e0a9465a4"
"58R-TJ7";"TORNEIRA P/LAVATORIO MESA ABS 1/4 VOLTA DN15";"2";"capital_preso";"62.12";"TORNEIRA P/LAVATORIO MESA ABS 1/4 VOLTA DN15";"";"";"";"";"TORNEIRA P/LAVATORIO MESA ABS 1/4 VOLTA DN15";"TORNEIRA P/ LAVATÓRIO";"DN15";"";"";"";"TORNEIRA P/ LAVATÓRIO › DN15";"SIM";"Torneira por uso";"69bd64cf2ae0332312475f83"
"2DD-8PK";"TAPA-FURO DE 50 MM";"2";"capital_preso";"60";"TAPA-FURO DE 50 MM";"";"";"";"";"TAPA-FURO DE 50 MM";"TAPA-FURO 50 MM";"50 MM";"";"";"";"TAPA-FURO 50 MM › 50 MM";"SIM";"Nome curto + apresentação";"69bd5d0df9f85784a0867a49"
"E55-9HQ";"REGISTRO ESFERA ROSCÁVEL INTERNA 1/2";"2";"capital_preso";"57.72";"REGISTRO ESFERA ROSCÁVEL INTERNA 1/2";"";"";"";"";"REGISTRO ESFERA ROSCÁVEL INTERNA 1/2";"REGISTRO ESFERA";"1/2";"";"";"";"REGISTRO ESFERA › 1/2";"SIM";"Registro + medida";"69bd5ce78d7cd347ce1ce563"
"3RK-NAI";"TORNEIRA MAQ/PAREDE CURTA 1/2";"2";"capital_preso";"57.24";"TORNEIRA MAQ/PAREDE CURTA 1/2";"";"";"";"";"TORNEIRA MAQ/PAREDE CURTA 1/2";"TORNEIRA";"1/2";"";"";"";"TORNEIRA › 1/2";"SIM";"Torneira por uso";"69bd64cf6167847f47a04a0d"
"191-IHY";"REGISTRO PRESSAO J2 DN20";"2";"capital_preso";"55.86";"REGISTRO PRESSAO J2 DN20";"";"";"";"";"REGISTRO PRESSAO J2 DN20";"REGISTRO PRESSÃO";"20";"";"";"";"REGISTRO PRESSÃO › 20";"SIM";"Registro + medida";"69bd5ced4f2b7b9f0cfed3f9"
"WO3-P8D";"UNIAO ROSCAVEL 1 1/2";"2";"capital_preso";"51.72";"UNIAO ROSCAVEL 1 1/2";"";"";"";"";"UNIAO ROSCAVEL 1 1/2";"UNIAO ROSCAVEL 1 1/2";"1/2";"";"";"";"UNIAO ROSCAVEL 1 1/2 › 1/2";"SIM";"Nome curto + apresentação";"69bd64dd90ee34ded665dcb2"
"0FQ-TGE";"TORNEIRA BIC MOV P/PIA COZ MESA ABS DN15";"2";"capital_preso";"47.66";"TORNEIRA BIC MOV P/PIA COZ MESA ABS DN15";"";"";"";"";"TORNEIRA BIC MOV P/PIA COZ MESA ABS DN15";"TORNEIRA DE MESA";"DN15";"";"";"";"TORNEIRA DE MESA › DN15";"SIM";"Torneira por uso";"69bd64c72a3d36583d1beea1"
"FP8-JSG";"REGISTRO ESFERA ROSCÁVEL METAL 1 1/2""";"2";"capital_preso";"40";"REGISTRO ESFERA ROSCÁVEL METAL 1 1/2""";"";"";"";"";"REGISTRO ESFERA ROSCÁVEL METAL 1 1/2""";"REGISTRO ESFERA";"1/2";"";"";"";"REGISTRO ESFERA › 1/2";"SIM";"Registro + medida";"69bd5ce842514ebc361e94ac"
"Z97-NPR";"TAPA-FURO DE 32 MM";"2";"capital_preso";"39.84";"TAPA-FURO DE 32 MM";"";"";"";"";"TAPA-FURO DE 32 MM";"TAPA-FURO 32 MM";"32 MM";"";"";"";"TAPA-FURO 32 MM › 32 MM";"SIM";"Nome curto + apresentação";"69bd5d0dd81091420bc2b9df"
"6TE-3PD";"TORNEIRA FILTRO BEBEDOURO";"2";"capital_preso";"36.25";"TORNEIRA FILTRO BEBEDOURO";"";"";"";"";"TORNEIRA FILTRO BEBEDOURO";"TORNEIRA";"AVULSO";"";"";"";"TORNEIRA › AVULSO";"SIM";"Torneira por uso";"69bd64cc1486242e39726f3e"
"TY1-L16";"REGISTRO ESFERA PLASTICO 32MM SOLDAVEL - VEPS132";"2";"capital_preso";"35.1";"REGISTRO ESFERA PLASTICO 32MM SOLDAVEL - VEPS132";"";"";"";"";"REGISTRO ESFERA PLASTICO 32MM SOLDAVEL - VEPS132";"REGISTRO ESFERA";"32MM";"";"";"";"REGISTRO ESFERA › 32MM";"SIM";"Registro + medida";"69bd5ce66be3592380f4d4fc"
"R8S-5V1";"PLACA CEGA 4X2";"2";"capital_preso";"34.8";"PLACA CEGA 4X2";"";"";"";"";"PLACA CEGA 4X2";"PLACA CEGA 4X2";"4X2";"";"";"";"PLACA CEGA 4X2 › 4X2";"SIM";"Nome curto + apresentação";"69bd5cbdec7ae92be0ae1cc0"
"40B-9CN";"PLUG ROSCAVEL 1";"2";"capital_preso";"33.92";"PLUG ROSCAVEL 1";"";"";"";"";"PLUG ROSCAVEL 1";"PLUG ROSCAVEL 1";"AVULSO";"";"";"";"PLUG ROSCAVEL 1 › AVULSO";"SIM";"Produto avulso — revisar depois";"69bd5cc17629c31cc64b971a"
"9XM-2JM";"LUVA DE RASPA C/ REFORÇO M/G";"2";"com_giro";"30.81";"LUVA DE RASPA C/ REFORÇO M/G";"";"";"";"";"LUVA DE RASPA C/ REFORÇO M/G";"LUVA RASPA C/ REFORÇO M/G";"AVULSO";"";"";"";"LUVA RASPA C/ REFORÇO M/G › AVULSO";"SIM";"Produto avulso — revisar depois";"69bd5bef284b1f6e9ebdc030"
"Z0Z-E1J";"TALHADEIRA CHATA  8""";"2";"capital_preso";"28.62";"TALHADEIRA CHATA  8""";"";"";"";"";"TALHADEIRA CHATA  8""";"TALHADEIRA CHATA 8""";"AVULSO";"";"";"";"TALHADEIRA CHATA 8"" › AVULSO";"SIM";"Produto avulso — revisar depois";"69bd5d0c6c6935e83d57d5bf"
"WX2-4P2";"NIPEL ROSCAVEL 3/4";"2";"com_giro";"22.74";"NIPEL ROSCAVEL 3/4";"";"";"";"";"NIPEL ROSCAVEL 3/4";"NIPEL ROSCAVEL 3/4";"3/4";"";"";"";"NIPEL ROSCAVEL 3/4 › 3/4";"SIM";"Nome curto + apresentação";"69bd5c002854443097b34950"
"I11-YNG";"PINCEL 2 1/2";"2";"com_giro";"22.56";"PINCEL 2 1/2";"";"";"";"";"PINCEL 2 1/2";"PINCEL 2 1/2";"1/2";"";"";"";"PINCEL 2 1/2 › 1/2";"SIM";"Nome curto + apresentação";"69bd5c767629c31cc64b96f6"
"XAR-W7A";"PROTETOR AURICULAR";"2";"capital_preso";"22.24";"PROTETOR AURICULAR";"";"";"";"";"PROTETOR AURICULAR";"PROTETOR AURICULAR";"AVULSO";"";"";"";"PROTETOR AURICULAR › AVULSO";"SIM";"Produto avulso — revisar depois";"69bd5ccef9f85784a0867a3b"
"7UH-XAA";"MASSA ACRILICA (BD 4 KG) LUX #G";"2";"com_giro";"21.65";"MASSA ACRILICA (BD 4 KG) LUX #G";"";"";"";"";"MASSA ACRILICA (BD 4 KG) LUX #G";"MASSA ACRÍLICA";"4 KG";"";"";"Lux";"MASSA ACRÍLICA › 4 KG › Lux";"SIM";"Massa/argamassa: produto + apresentação";"69bd5bfcbf860f7ebee28094"
"ZQ7-6MQ";"PINCEL 2";"2";"com_giro";"21.31";"PINCEL 2";"";"";"";"";"PINCEL 2";"PINCEL 2";"AVULSO";"";"";"";"PINCEL 2 › AVULSO";"SIM";"Produto avulso — revisar depois";"69bd5c76ceb2e144a6dd505e"
"QO0-PW5";"TE ESGOTO 40MM";"2";"com_giro";"19.75";"TE ESGOTO 40MM";"";"";"";"";"TE ESGOTO 40MM";"TE ESGOTO";"40 MM";"";"";"";"TE ESGOTO › 40 MM";"SIM";"Conexão hidráulica";"69bd5d103c08ae64280b3245"
"3AM-Z6L";"PINCEL 1 1/2";"2";"com_giro";"17.47";"PINCEL 1 1/2";"";"";"";"";"PINCEL 1 1/2";"PINCEL 1 1/2";"1/2";"";"";"";"PINCEL 1 1/2 › 1/2";"SIM";"Nome curto + apresentação";"69bd5c758cccaf952976306d"
"BJU-Y8R";"PRUMO HOBBY DE CENTRO 300G";"2";"com_giro";"14.93";"PRUMO HOBBY DE CENTRO 300G";"";"";"";"";"PRUMO HOBBY DE CENTRO 300G";"PRUMO HOBBY CENTRO 300G";"AVULSO";"";"";"";"PRUMO HOBBY CENTRO 300G › AVULSO";"SIM";"Produto avulso — revisar depois";"69bd5cce4d6b84908c108282"
"190-S7N";"PINCEL 1";"2";"com_giro";"11.96";"PINCEL 1";"";"";"";"";"PINCEL 1";"PINCEL 1";"AVULSO";"";"";"";"PINCEL 1 › AVULSO";"SIM";"Produto avulso — revisar depois";"69bd5c75e7a40929476b4c12"
"W70-3U1";"SPOT LED AUXILIAR GRANDE 06W RED 3000K";"2";"capital_preso";"10.52";"SPOT LED AUXILIAR GRANDE 06W RED 3000K";"";"";"";"";"SPOT LED AUXILIAR GRANDE 06W RED 3000K";"SPOT LED";"06W 3000K";"";"";"";"SPOT LED › 06W 3000K";"SIM";"Iluminação";"69bd5d0b7ea24333d4a73f62"
"FF6-WZ9";"REGISTRO ESFERA PLASTICO 20MM SOLDAVEL - VEPS120";"2";"com_giro";"5.01";"REGISTRO ESFERA PLASTICO 20MM SOLDAVEL - VEPS120";"";"";"";"";"REGISTRO ESFERA PLASTICO 20MM SOLDAVEL - VEPS120";"REGISTRO ESFERA";"20MM";"";"";"";"REGISTRO ESFERA › 20MM";"SIM";"Registro + medida";"69bd5ce5fa174af976f2e01b"
"HO6-RZ8";"NIPEL ROSCAVEL 1 1/2";"2";"capital_preso";"3.5";"NIPEL ROSCAVEL 1 1/2";"";"";"";"";"NIPEL ROSCAVEL 1 1/2";"NIPEL ROSCAVEL 1 1/2";"1/2";"";"";"";"NIPEL ROSCAVEL 1 1/2 › 1/2";"SIM";"Nome curto + apresentação";"69bd5c006a62aaef4d8d02e7"
"H05-FSM";"NIPEL ROSCAVEL 1";"2";"capital_preso";"1.56";"NIPEL ROSCAVEL 1";"";"";"";"";"NIPEL ROSCAVEL 1";"NIPEL ROSCAVEL 1";"AVULSO";"";"";"";"NIPEL ROSCAVEL 1 › AVULSO";"SIM";"Produto avulso — revisar depois";"69bd5bffc4264c6792f3dad4"
"BW8-DQR";"ANEL DE VEDAÇÃO P/ VASO SANITÁRIO";"2";"sem_giro";"0";"ANEL DE VEDAÇÃO P/ VASO SANITÁRIO";"";"";"";"";"ANEL DE VEDAÇÃO P/ VASO SANITÁRIO";"ANEL VEDAÇÃO VASO SANITÁRIO";"AVULSO";"";"";"";"ANEL VEDAÇÃO VASO SANITÁRIO › AVULSO";"SIM";"Produto avulso — revisar depois";"69bd5b590db823c808e6bfb6"
"NPH-H9H";"BOCA DE LOBO";"2";"sem_giro";"0";"BOCA DE LOBO";"";"";"";"";"BOCA DE LOBO";"BOCA LOBO";"AVULSO";"";"";"";"BOCA LOBO › AVULSO";"SIM";"Produto avulso — revisar depois";"69bd5b6467070f30af8005a4"
"GI2-CPP";"CAIXA DE";"2";"sem_giro";"0";"CAIXA DE";"";"";"";"";"CAIXA DE";"CAIXA";"AVULSO";"";"";"";"CAIXA › AVULSO";"SIM";"Produto avulso — revisar depois";"69bd5b73f9f85784a08678b6"
"H9D-I9B";"CAIXA DE STOP P/AR CONDICIONADO";"2";"sem_giro";"0";"CAIXA DE STOP P/AR CONDICIONADO";"";"";"";"";"CAIXA DE STOP P/AR CONDICIONADO";"CAIXA STOP P/AR CONDICIONADO";"AVULSO";"";"";"";"CAIXA STOP P/AR CONDICIONADO › AVULSO";"SIM";"Produto avulso — revisar depois";"69bd5b74cb1808a299eae62e"
"7RL-R5W";"CERAMICA A";"2";"sem_giro";"0";"CERAMICA A";"";"";"";"";"CERAMICA A";"CERAMICA";"AVULSO";"";"";"";"CERAMICA › AVULSO";"SIM";"Produto avulso — revisar depois";"69bd5b7cf31432859f1ddeb1"
"T9I-93U";"CHUVEIRO PVC COM REGISTRO";"2";"sem_giro";"0";"CHUVEIRO PVC COM REGISTRO";"";"";"";"";"CHUVEIRO PVC COM REGISTRO";"REGISTRO";"AVULSO";"";"";"";"REGISTRO › AVULSO";"SIM";"Registro + medida";"69bd5b838bb0c313a07e7819"
"DNG-4E9";"CINTO PARA FERRAMENTAS";"2";"sem_giro";"0";"CINTO PARA FERRAMENTAS";"";"";"";"";"CINTO PARA FERRAMENTAS";"CINTO FERRAMENTAS";"AVULSO";"";"";"";"CINTO FERRAMENTAS › AVULSO";"SIM";"Produto avulso — revisar depois";"69bd5b85acdba24b89ed770a"
"R73-8OF";"CONJUNTO FIXAÇÃO P";"2";"sem_giro";"0";"CONJUNTO FIXAÇÃO P";"";"";"";"";"CONJUNTO FIXAÇÃO P";"CONJUNTO FIXAÇÃO P";"AVULSO";"";"";"";"CONJUNTO FIXAÇÃO P › AVULSO";"SIM";"Produto avulso — revisar depois";"69bd5b8dffbc3b215d2273c4"
"T6T-JOG";"CUNHA P/ ESPAÇADOR NIVELAMENTO (50PÇS)";"2";"sem_giro";"0";"CUNHA P/ ESPAÇADOR NIVELAMENTO (50PÇS)";"";"";"";"";"CUNHA P/ ESPAÇADOR NIVELAMENTO (50PÇS)";"CUNHA ESPAÇADOR NIVELAMENTO (50PÇS)";"AVULSO";"";"";"";"CUNHA ESPAÇADOR NIVELAMENTO (50PÇS) › AVULSO";"SIM";"Produto avulso — revisar depois";"69bd5b99fa325ae7d0a12632"
"0L5-XFC";"DISCO DE CORTE P/ AÇO INOX 04,5 X 1/8""";"2";"sem_giro";"0";"DISCO DE CORTE P/ AÇO INOX 04,5 X 1/8""";"";"";"";"";"DISCO DE CORTE P/ AÇO INOX 04,5 X 1/8""";"DISCO CORTE AÇO INOX 04,5";"5 X 1";"";"";"";"DISCO CORTE AÇO INOX 04,5 › 5 X 1";"SIM";"Nome curto + apresentação";"69bd5b9f56e7bf87067bd30f"
"EHU-HA8";"DISCO DE CORTE P/ FERRO 04,5 X 1/8 X 7/8";"2";"sem_giro";"0";"DISCO DE CORTE P/ FERRO 04,5 X 1/8 X 7/8";"";"";"";"";"DISCO DE CORTE P/ FERRO 04,5 X 1/8 X 7/8";"DISCO CORTE FERRO 04,5 X";"5 X 1";"";"";"";"DISCO CORTE FERRO 04,5 X › 5 X 1";"SIM";"Nome curto + apresentação";"69bd5ba01df8ada1a7d17c26"
"RXO-TL7";"DISCO DE CORTE P/ FERRO 07,0 X 1/8 X 7/8";"2";"sem_giro";"0";"DISCO DE CORTE P/ FERRO 07,0 X 1/8 X 7/8";"";"";"";"";"DISCO DE CORTE P/ FERRO 07,0 X 1/8 X 7/8";"DISCO CORTE FERRO 07,0 X";"0 X 1";"";"";"";"DISCO CORTE FERRO 07,0 X › 0 X 1";"SIM";"Nome curto + apresentação";"69bd5ba0d41e7850dc5380ef"
"P9H-7PB";"DISCO DE DESBASTE 7""";"2";"sem_giro";"0";"DISCO DE DESBASTE";"";"7""";"";"";"DISCO DE DESBASTE › 7""";"DISCO DESBASTE 7""";"AVULSO";"";"";"";"DISCO DESBASTE 7"" › AVULSO";"SIM";"Produto avulso — revisar depois";"69bd5ba0487a808fb2c61069"
"EMZ-7RR";"ESTILETE";"2";"sem_giro";"0";"ESTILETE";"";"";"";"";"ESTILETE";"ESTILETE";"AVULSO";"";"";"";"ESTILETE › AVULSO";"SIM";"Produto avulso — revisar depois";"69bd5bb08d7cd347ce1ce43e"
"6SR-F2F";"FERRO DE COVA";"2";"sem_giro";"0";"FERRO DE COVA";"";"";"";"";"FERRO DE COVA";"FERRO COVA";"AVULSO";"";"";"";"FERRO COVA › AVULSO";"SIM";"Produto avulso — revisar depois";"69bd5bb5bdd2cd22f90dbebd"
"V61-Y2Z";"FRETE";"2";"sem_giro";"0";"FRETE";"";"";"";"";"FRETE";"FRETE";"AVULSO";"";"";"";"FRETE › AVULSO";"SIM";"Produto avulso — revisar depois";"69bd5bc033c9a3ccb19bffe1"
"2FZ-SBM";"ISOLADOR TIPO ROLDANA 72 X 72MM";"2";"sem_giro";"0";"ISOLADOR TIPO ROLDANA 72 X 72MM";"";"";"";"";"ISOLADOR TIPO ROLDANA 72 X 72MM";"ISOLADOR TIPO ROLDANA 72 X";"72MM";"";"";"";"ISOLADOR TIPO ROLDANA 72 X › 72MM";"SIM";"Nome curto + apresentação";"69bd5bc67992803e2e832268"
"GCE-8D1";"KIT P/ PINTURA BANDEJA+CABO+ROLO";"2";"sem_giro";"0";"KIT P/ PINTURA BANDEJA+CABO+ROLO";"";"";"";"";"KIT P/ PINTURA BANDEJA+CABO+ROLO";"KIT PINTURA BANDEJA+CABO+ROLO";"AVULSO";"";"";"";"KIT PINTURA BANDEJA+CABO+ROLO › AVULSO";"SIM";"Produto avulso — revisar depois";"69bd5bd577da669a446e5f40"
"A33-5XE";"LIMA TRIANGULAR P/ SERROTE";"2";"sem_giro";"0";"LIMA TRIANGULAR P/ SERROTE";"";"";"";"";"LIMA TRIANGULAR P/ SERROTE";"LIMA TRIANGULAR SERROTE";"AVULSO";"";"";"";"LIMA TRIANGULAR SERROTE › AVULSO";"SIM";"Produto avulso — revisar depois";"69bd5bdb715b2ab3f2178372"
"JB9-55T";"LIMPADOR DE REJUNTE DIÁRIO QUARTZOLIT 500 ML";"2";"sem_giro";"0";"LIMPADOR DE REJUNTE DIÁRIO QUARTZOLIT 500 ML";"";"";"";"";"LIMPADOR DE REJUNTE DIÁRIO QUARTZOLIT 500 ML";"LIMPADOR REJUNTE DIÁRIO QUARTZOLIT 500";"500 ML";"";"";"Quartzolit";"LIMPADOR REJUNTE DIÁRIO QUARTZOLIT 500 › 500 ML › Quartzolit";"SIM";"Nome curto + apresentação";"69bd5bdb4d3de4c8e9865c01"
"WB7-OXF";"LINHA DE PEDREIRO- UNIFIO 100M";"2";"sem_giro";"0";"LINHA DE PEDREIRO- UNIFIO 100M";"";"";"";"";"LINHA DE PEDREIRO- UNIFIO 100M";"LINHA PEDREIRO- UNIFIO 100M";"100M";"";"";"";"LINHA PEDREIRO- UNIFIO 100M › 100M";"SIM";"Nome curto + apresentação";"69bd5bdc189f8a985663d8ca"
"Q4X-OJI";"LUBRIFICANTE A SECO GRAFITE CHEMICOLOR";"2";"sem_giro";"0";"LUBRIFICANTE A SECO GRAFITE CHEMICOLOR";"";"";"";"";"LUBRIFICANTE A SECO GRAFITE CHEMICOLOR";"LUBRIFICANTE SECO GRAFITE CHEMICOLOR";"AVULSO";"";"";"";"LUBRIFICANTE SECO GRAFITE CHEMICOLOR › AVULSO";"SIM";"Produto avulso — revisar depois";"69bd5be9e06899df1726bfcf"
"A6R-ELC";"MACHADO";"2";"sem_giro";"0";"MACHADO";"";"";"";"";"MACHADO";"MACHADO";"AVULSO";"";"";"";"MACHADO › AVULSO";"SIM";"Produto avulso — revisar depois";"69bd5bf87629c31cc64b9694"
"W1X-SW3";"MANGUEIRA CRISTAL DE NIVEL 1/4";"2";"sem_giro";"0";"MANGUEIRA CRISTAL DE NIVEL 1/4";"";"";"";"";"MANGUEIRA CRISTAL DE NIVEL 1/4";"MANGUEIRA CRISTAL NIVEL 1/4";"1/4";"";"";"";"MANGUEIRA CRISTAL NIVEL 1/4 › 1/4";"SIM";"Nome curto + apresentação";"69bd5bf86c31ed142ee14e1a"
"9PZ-G3O";"MANGUEIRA P/ MAQUINA DE LAVAR 1,40M";"2";"sem_giro";"0";"MANGUEIRA P/ MAQUINA DE LAVAR 1,40M";"";"";"";"";"MANGUEIRA P/ MAQUINA DE LAVAR 1,40M";"MANGUEIRA MAQUINA LAVAR 1,40M";"40M";"";"";"";"MANGUEIRA MAQUINA LAVAR 1,40M › 40M";"SIM";"Nome curto + apresentação";"69bd5bf8b5e7dcd0aa7dfd65"
"FP5-V05";"MANTA LÍQUIDA BRANCA 4,5KG QUARTZOLIT - GL";"2";"sem_giro";"0";"MANTA LÍQUIDA BRANCA 4,5KG QUARTZOLIT - GL";"";"";"";"";"MANTA LÍQUIDA BRANCA 4,5KG QUARTZOLIT - GL";"MANTA LÍQUIDA";"5 KG";"";"";"Quartzolit";"MANTA LÍQUIDA › 5 KG › Quartzolit";"SIM";"Massa/argamassa: produto + apresentação";"69bd5bf88c0c5d3b33cd48b2"
"016-94X";"MARRETA OITAVADA 1,50KG C/CABO";"2";"sem_giro";"0";"MARRETA OITAVADA 1,50KG C/CABO";"";"";"";"";"MARRETA OITAVADA 1,50KG C/CABO";"MARRETA OITAVADA 1,50KG C/CABO";"1,50KG";"";"";"";"MARRETA OITAVADA 1,50KG C/CABO › 1,50KG";"SIM";"Nome curto + apresentação";"69bd5bf9e3bd727a89dc33ee"
"F99-KB2";"MARRETA OITAVADA 3KG C/CABO MOMFORT";"2";"sem_giro";"0";"MARRETA OITAVADA 3KG C/CABO MOMFORT";"";"";"";"";"MARRETA OITAVADA 3KG C/CABO MOMFORT";"MARRETA OITAVADA 3KG C/CABO MOMFORT";"3KG";"";"";"";"MARRETA OITAVADA 3KG C/CABO MOMFORT › 3KG";"SIM";"Nome curto + apresentação";"69bd5bf9e67851c9658b206d"
"0AL-8O3";"MASSA ACRILICA (BD 20 KG) LUX #G";"2";"sem_giro";"0";"MASSA ACRILICA (BD 20 KG) LUX #G";"";"";"";"";"MASSA ACRILICA (BD 20 KG) LUX #G";"MASSA ACRÍLICA";"20 KG";"";"";"Lux";"MASSA ACRÍLICA › 20 KG › Lux";"SIM";"Massa/argamassa: produto + apresentação";"69bd5bfb5f5de9971779c546"
"65D-NS3";"MASSA ASFALTICA - GL";"2";"sem_giro";"0";"MASSA ASFALTICA - GL";"";"";"";"";"MASSA ASFALTICA - GL";"MASSA ASFÁLTICA";"GL";"";"";"";"MASSA ASFÁLTICA › GL";"SIM";"Massa/argamassa: produto + apresentação";"69bd5bfc8dcd35afa99ad37e"
"GTU-H4G";"MASSA CORRIDA (BD 5 KG) HIPERCOR";"2";"sem_giro";"0";"MASSA CORRIDA (BD 5 KG) HIPERCOR";"";"";"";"";"MASSA CORRIDA (BD 5 KG) HIPERCOR";"MASSA CORRIDA";"5 KG";"";"";"Hipercor";"MASSA CORRIDA › 5 KG › Hipercor";"SIM";"Massa/argamassa: produto + apresentação";"69bd5bfee2dc8df131731ddd"
"G89-G92";"MECANISMO UNIVERSAL SUP";"2";"sem_giro";"0";"MECANISMO UNIVERSAL SUP";"";"";"";"";"MECANISMO UNIVERSAL SUP";"MECANISMO UNIVERSAL SUP";"AVULSO";"";"";"";"MECANISMO UNIVERSAL SUP › AVULSO";"SIM";"Produto avulso — revisar depois";"69bd5bffc11311baa88b7555"
"296-CRW";"NICHO EMBUTIR CINZA URBANO 30X60";"2";"sem_giro";"0";"NICHO EMBUTIR CINZA URBANO 30X60";"";"";"";"";"NICHO EMBUTIR CINZA URBANO 30X60";"NICHO EMBUTIR CINZA URBANO 30X60";"30X60";"";"";"";"NICHO EMBUTIR CINZA URBANO 30X60 › 30X60";"SIM";"Nome curto + apresentação";"69bd5bff8eb373321a44c74d"
"XM9-J8O";"ÓCULOS DE SEGURANÇA TRANSPARENTES";"2";"sem_giro";"0";"ÓCULOS DE SEGURANÇA TRANSPARENTES";"";"";"";"";"ÓCULOS DE SEGURANÇA TRANSPARENTES";"ÓCULOS SEGURANÇA TRANSPARENTES";"AVULSO";"";"";"";"ÓCULOS SEGURANÇA TRANSPARENTES › AVULSO";"SIM";"Produto avulso — revisar depois";"69bd5c0179dbebad0676aefe"
"421-C85";"PA DE BICO C/CABO";"2";"sem_giro";"0";"PA DE BICO C/CABO";"";"";"";"";"PA DE BICO C/CABO";"PA BICO C/CABO";"AVULSO";"";"";"";"PA BICO C/CABO › AVULSO";"SIM";"Produto avulso — revisar depois";"69bd5c01b92f375e9640c492"
"W5O-DN4";"PA QUADRADA C/CABO";"2";"sem_giro";"0";"PA QUADRADA C/CABO";"";"";"";"";"PA QUADRADA C/CABO";"PA QUADRADA C/CABO";"AVULSO";"";"";"";"PA QUADRADA C/CABO › AVULSO";"SIM";"Produto avulso — revisar depois";"69bd5c01babbb02e1efc7b8e"
"RVK-Q6J";"PARAFUSO P/ASSENTO SANITARIO";"2";"sem_giro";"0";"PARAFUSO P/ASSENTO SANITARIO";"";"";"";"";"PARAFUSO P/ASSENTO SANITARIO";"PARAFUSO P/ASSENTO SANITARIO";"AVULSO";"";"";"";"PARAFUSO P/ASSENTO SANITARIO › AVULSO";"SIM";"Produto avulso — revisar depois";"69bd5c025c0dacbda17ddb06"
"5RU-2RW";"PAVER HEXAGONAL";"2";"sem_giro";"0";"PAVER HEXAGONAL";"";"";"";"";"PAVER HEXAGONAL";"PAVER HEXAGONAL";"AVULSO";"";"";"";"PAVER HEXAGONAL › AVULSO";"SIM";"Produto avulso — revisar depois";"69bd5c02ff6261bccef98280"
"9SN-VEG";"PAVER RETANG. 10,00 CM LARG X 20,00 CM COMP X 08,00 CM ESPES";"2";"sem_giro";"0";"PAVER RETANG. 10,00 CM LARG X 20,00 CM COMP X 08,00 CM ESPES";"";"";"";"";"PAVER RETANG. 10,00 CM LARG X 20,00 CM COMP X 08,00 CM ESPES";"PAVER RETANG. 10,00 CM LARG";"AVULSO";"";"";"";"PAVER RETANG. 10,00 CM LARG › AVULSO";"SIM";"Produto avulso — revisar depois";"69bd5c0283b2821c820e3a80"
"RT1-3TP";"PENEIRA P/AREIA ARO 50";"2";"sem_giro";"0";"PENEIRA P/AREIA ARO 50";"";"";"";"";"PENEIRA P/AREIA ARO 50";"PENEIRA P/AREIA ARO 50";"AVULSO";"";"";"";"PENEIRA P/AREIA ARO 50 › AVULSO";"SIM";"Produto avulso — revisar depois";"69bd5c02721f104d063817b4"
"4W9-RW2";"PIA PLASTICA ASTRA 8LTS 50X40CM BRANCO";"2";"sem_giro";"0";"PIA PLASTICA ASTRA 8LTS 50X40CM BRANCO";"";"";"";"";"PIA PLASTICA ASTRA 8LTS 50X40CM BRANCO";"PIA PLASTICA ASTRA 8LTS 50X40CM";"AVULSO";"";"";"";"PIA PLASTICA ASTRA 8LTS 50X40CM › AVULSO";"SIM";"Produto avulso — revisar depois";"69bd5c0483f1f7788a5dd141"
"916-3ZE";"PIA TRAMONTINA AÇO INOX 01CUBA 120X52";"2";"sem_giro";"0";"PIA TRAMONTINA AÇO INOX 01CUBA 120X52";"";"";"";"";"PIA TRAMONTINA AÇO INOX 01CUBA 120X52";"PIA TRAMONTINA AÇO INOX 01CUBA";"120X52";"";"";"Tramontina";"PIA TRAMONTINA AÇO INOX 01CUBA › 120X52 › Tramontina";"SIM";"Nome curto + apresentação";"69bd5c756202ff42923c5eaf"
"FCL-PD3";"PINCEL 1/2";"2";"sem_giro";"0";"PINCEL 1/2";"";"";"";"";"PINCEL 1/2";"PINCEL 1/2";"1/2";"";"";"";"PINCEL 1/2 › 1/2";"SIM";"Nome curto + apresentação";"69bd5c75367fd420a19a73fb"
"6TH-J15";"PINCEL PBRANCO ARTESANATO ROMA No.04";"2";"sem_giro";"0";"PINCEL PBRANCO ARTESANATO ROMA No.04";"";"";"";"";"PINCEL PBRANCO ARTESANATO ROMA No.04";"PINCEL PBRANCO ARTESANATO ROMA No.04";"AVULSO";"";"";"Roma";"PINCEL PBRANCO ARTESANATO ROMA No.04 › AVULSO › Roma";"SIM";"Produto avulso — revisar depois";"69bd5c77b92f375e9640c4bf"
"J4P-V3G";"PINCEL PLANO ARTESANATO ROMA No.02";"2";"sem_giro";"0";"PINCEL PLANO ARTESANATO ROMA No.02";"";"";"";"";"PINCEL PLANO ARTESANATO ROMA No.02";"PINCEL PLANO ARTESANATO ROMA No.02";"AVULSO";"";"";"Roma";"PINCEL PLANO ARTESANATO ROMA No.02 › AVULSO › Roma";"SIM";"Produto avulso — revisar depois";"69bd5c7788cb3cbf9c4b48d0"
"BKP-1JE";"PLAFON PLASTICO PRETO";"2";"sem_giro";"0";"PLAFON PLASTICO PRETO";"";"";"";"";"PLAFON PLASTICO PRETO";"PLAFON PLASTICO PRETO";"AVULSO";"";"";"";"PLAFON PLASTICO PRETO › AVULSO";"SIM";"Produto avulso — revisar depois";"69bd5cbe8cc80d079bd66c1e"
"899-UNV";"PLASTILON PVC 6M ARAFORROS";"2";"sem_giro";"0";"PLASTILON PVC 6M ARAFORROS";"";"";"";"";"PLASTILON PVC 6M ARAFORROS";"PLASTILON PVC 6M ARAFORROS";"6M";"";"";"";"PLASTILON PVC 6M ARAFORROS › 6M";"SIM";"Nome curto + apresentação";"69bd5cc094ff5b1b46b12b10"
"RAY-B40";"PLUG ADAPTADOR C/ PINO 2P+T 147 PERLEX";"2";"sem_giro";"0";"PLUG ADAPTADOR C/ PINO 2P+T 147 PERLEX";"";"";"";"";"PLUG ADAPTADOR C/ PINO 2P+T 147 PERLEX";"PLUG ADAPTADOR C/ PINO 2P+T";"AVULSO";"";"";"Perlex";"PLUG ADAPTADOR C/ PINO 2P+T › AVULSO › Perlex";"SIM";"Produto avulso — revisar depois";"69bd5cc05369da2b252bd893"
"W05-F32";"PLUG ADAPTADOR C/ PINO 2P+T 157 PERLEX (UNIVERSAL)";"2";"sem_giro";"0";"PLUG ADAPTADOR C/ PINO 2P+T 157 PERLEX (UNIVERSAL)";"";"";"";"";"PLUG ADAPTADOR C/ PINO 2P+T 157 PERLEX (UNIVERSAL)";"PLUG ADAPTADOR C/ PINO 2P+T";"AVULSO";"";"";"Perlex";"PLUG ADAPTADOR C/ PINO 2P+T › AVULSO › Perlex";"SIM";"Produto avulso — revisar depois";"69bd5cc02141c63aac264d5e"
"NQQ-YM9";"PLUG MACHO 10A";"3";"sem_giro";"0";"PLUG MACHO 10A";"";"";"";"";"PLUG MACHO 10A";"PLUG MACHO 10A";"AVULSO";"";"";"";"PLUG MACHO 10A › AVULSO";"SIM";"Produto avulso — revisar depois";"69bd5cc1ffc7c6fa993c4afc"
"I2O-4DJ";"PLUG ROSCAVEL 1 1/2";"3";"sem_giro";"0";"PLUG ROSCAVEL 1 1/2";"";"";"";"";"PLUG ROSCAVEL 1 1/2";"PLUG ROSCAVEL 1 1/2";"1/2";"";"";"";"PLUG ROSCAVEL 1 1/2 › 1/2";"SIM";"Nome curto + apresentação";"69bd5cc1362e4ca2a8721bbe"
"51U-AVM";"PLUG ROSCAVEL 1 1/4";"3";"sem_giro";"0";"PLUG ROSCAVEL 1 1/4";"";"";"";"";"PLUG ROSCAVEL 1 1/4";"PLUG ROSCAVEL 1 1/4";"1/4";"";"";"";"PLUG ROSCAVEL 1 1/4 › 1/4";"SIM";"Nome curto + apresentação";"69bd5cc29d6edfd3d86f58b1"
"1AF-XNZ";"PLUG ROSCAVEL 1/2";"3";"sem_giro";"0";"PLUG ROSCAVEL 1/2";"";"";"";"";"PLUG ROSCAVEL 1/2";"PLUG ROSCAVEL 1/2";"1/2";"";"";"";"PLUG ROSCAVEL 1/2 › 1/2";"SIM";"Nome curto + apresentação";"69bd5cc2715b2ab3f217846b"
"O53-OT9";"PLUG ROSCAVEL 3/4";"3";"sem_giro";"0";"PLUG ROSCAVEL 3/4";"";"";"";"";"PLUG ROSCAVEL 3/4";"PLUG ROSCAVEL 3/4";"3/4";"";"";"";"PLUG ROSCAVEL 3/4 › 3/4";"SIM";"Nome curto + apresentação";"69bd5cc24d3de4c8e9865c20"
"3HN-RAN";"PONTALETE GALVANIZADO LEVE MONOFÁSICO 3";"3";"sem_giro";"0";"PONTALETE GALVANIZADO LEVE MONOFÁSICO 3";"";"";"";"";"PONTALETE GALVANIZADO LEVE MONOFÁSICO 3";"PONTALETE GALVANIZADO LEVE MONOFÁSICO 3";"AVULSO";"";"";"";"PONTALETE GALVANIZADO LEVE MONOFÁSICO 3 › AVULSO";"SIM";"Produto avulso — revisar depois";"69bd5cc39c6dfe1d7d5db390"
"L0L-B7T";"PORCELENATO 60X120 SAFIRA MATE OXIDO #L #F";"3";"sem_giro";"0";"PORCELENATO 60X120 SAFIRA MATE OXIDO #L #F";"";"";"";"";"PORCELENATO 60X120 SAFIRA MATE OXIDO #L #F";"PORCELENATO 60X120 SAFIRA MATE OXIDO";"60X120";"";"";"";"PORCELENATO 60X120 SAFIRA MATE OXIDO › 60X120";"SIM";"Nome curto + apresentação";"69bd5cc61761fd1c2ce2fe04"
"9C8-BY4";"PORTA MADEIRA 0,80 X 2,10";"3";"sem_giro";"0";"PORTA MADEIRA 0,80 X 2,10";"";"";"";"";"PORTA MADEIRA 0,80 X 2,10";"PORTA MADEIRA 0,80 X 2,10";"80 X 2";"";"";"";"PORTA MADEIRA 0,80 X 2,10 › 80 X 2";"SIM";"Nome curto + apresentação";"69bd5cc8aa33a1bcfcf7da02"
"VE3-568";"PORTA MDF FRISADA 0,80 X 2,10";"3";"sem_giro";"0";"PORTA MDF FRISADA 0,80 X 2,10";"";"";"";"";"PORTA MDF FRISADA 0,80 X 2,10";"PORTA MDF FRISADA 0,80 X";"80 X 2";"";"";"";"PORTA MDF FRISADA 0,80 X › 80 X 2";"SIM";"Nome curto + apresentação";"69bd5cc8362e4ca2a8721bc0"
"0YM-46O";"PORTA MDF LISA 0,80 X 2,10";"3";"sem_giro";"0";"PORTA MDF LISA 0,80 X 2,10";"";"";"";"";"PORTA MDF LISA 0,80 X 2,10";"PORTA MDF LISA 0,80 X";"80 X 2";"";"";"";"PORTA MDF LISA 0,80 X › 80 X 2";"SIM";"Nome curto + apresentação";"69bd5cc94d3de4c8e9865c21"
"0ZR-3E1";"PORTA-CADEADO ZINCADO 2.1/2""";"3";"sem_giro";"0";"PORTA-CADEADO ZINCADO 2.1/2""";"";"";"";"";"PORTA-CADEADO ZINCADO 2.1/2""";"PORTA-CADEADO ZINCADO 2.1/2""";"1/2";"";"";"";"PORTA-CADEADO ZINCADO 2.1/2"" › 1/2";"SIM";"Nome curto + apresentação";"69bd5cc9a2183a63145add52"
"HPE-M3T";"PORTA-CADEADO ZINCADO 3.1/2""";"3";"sem_giro";"0";"PORTA-CADEADO ZINCADO 3.1/2""";"";"";"";"";"PORTA-CADEADO ZINCADO 3.1/2""";"PORTA-CADEADO ZINCADO 3.1/2""";"1/2";"";"";"";"PORTA-CADEADO ZINCADO 3.1/2"" › 1/2";"SIM";"Nome curto + apresentação";"69bd5cc93f69c167a9381170"
"RZD-4CB";"PREGOS ACO TEMPERADO 10X10MM";"3";"sem_giro";"0";"PREGOS ACO TEMPERADO 10X10MM";"";"";"";"";"PREGOS ACO TEMPERADO 10X10MM";"PREGOS ACO TEMPERADO 10X10MM";"AVULSO";"";"";"";"PREGOS ACO TEMPERADO 10X10MM › AVULSO";"SIM";"Produto avulso — revisar depois";"69bd5ccdb55914d4d78a4e90"
"RD0-IAB";"Produto EXEMPLO  - CHECAGEM -";"3";"sem_giro";"0";"Produto EXEMPLO  - CHECAGEM -";"";"";"";"";"Produto EXEMPLO  - CHECAGEM -";"Produto EXEMPLO - CHECAGEM -";"AVULSO";"";"";"";"Produto EXEMPLO - CHECAGEM - › AVULSO";"SIM";"Produto avulso — revisar depois";"69bd5ccd3ac56ef69730ea03"
"D0K-Z9G";"QUADRO DE DISTRIBUIÇAO 12/16 - TIGRE";"3";"sem_giro";"0";"QUADRO DE DISTRIBUIÇAO 12/16 - TIGRE";"";"";"";"";"QUADRO DE DISTRIBUIÇAO 12/16 - TIGRE";"QUADRO DISTRIBUIÇAO 12/16 - TIGRE";"12/16";"";"";"Tigre";"QUADRO DISTRIBUIÇAO 12/16 - TIGRE › 12/16 › Tigre";"SIM";"Nome curto + apresentação";"69bd5cd0f963c1a735f747a5"
"S8U-WCF";"QUADRO DE DISTRIBUIÇÃO 16 - KRONA";"3";"sem_giro";"0";"QUADRO DE DISTRIBUIÇÃO 16 - KRONA";"";"";"";"";"QUADRO DE DISTRIBUIÇÃO 16 - KRONA";"QUADRO DISTRIBUIÇÃO 16 - KRONA";"AVULSO";"";"";"";"QUADRO DISTRIBUIÇÃO 16 - KRONA › AVULSO";"SIM";"Produto avulso — revisar depois";"69bd5cd0159e0819ac265295"
"HDO-AP8";"QUADRO DE DISTRIBUIÇÃO 3/4 - TIGRE";"3";"sem_giro";"0";"QUADRO DE DISTRIBUIÇÃO 3/4 - TIGRE";"";"";"";"";"QUADRO DE DISTRIBUIÇÃO 3/4 - TIGRE";"QUADRO DISTRIBUIÇÃO 3/4 - TIGRE";"3/4";"";"";"Tigre";"QUADRO DISTRIBUIÇÃO 3/4 - TIGRE › 3/4 › Tigre";"SIM";"Nome curto + apresentação";"69bd5cd15b5dae071976db48"
"CGC-39G";"QUADRO DE DISTRIBUIÇÃO 9/6 - MECTRONIC";"3";"sem_giro";"0";"QUADRO DE DISTRIBUIÇÃO 9/6 - MECTRONIC";"";"";"";"";"QUADRO DE DISTRIBUIÇÃO 9/6 - MECTRONIC";"QUADRO DISTRIBUIÇÃO 9/6 - MECTRONIC";"9/6";"";"";"";"QUADRO DISTRIBUIÇÃO 9/6 - MECTRONIC › 9/6";"SIM";"Nome curto + apresentação";"69bd5cd1a10b7e50164cfc87"
"EPA-7CM";"QUADRO DE DISTRIBUIÇÃO PARA EMBUTIR 12 PÓLOS - S/ BARRAMENTO";"3";"sem_giro";"0";"QUADRO DE DISTRIBUIÇÃO PARA EMBUTIR 12 PÓLOS - S/ BARRAMENTO";"";"";"";"";"QUADRO DE DISTRIBUIÇÃO PARA EMBUTIR 12 PÓLOS - S/ BARRAMENTO";"QUADRO DISTRIBUIÇÃO EMBUTIR 12 PÓLOS";"AVULSO";"";"";"";"QUADRO DISTRIBUIÇÃO EMBUTIR 12 PÓLOS › AVULSO";"SIM";"Produto avulso — revisar depois";"69bd5cd1c7363ccd9c5724a7"
"COA-F09";"RALO CX SINF C/SAIDA ARTICULADA QUADRADO 100X100X50 - KRONA";"3";"sem_giro";"0";"RALO CX SINF C/SAIDA ARTICULADA QUADRADO 100X100X50 - KRONA";"";"";"";"";"RALO CX SINF C/SAIDA ARTICULADA QUADRADO 100X100X50 - KRONA";"RALO CX SINF C/SAIDA ARTICULADA";"100X100X50";"";"";"";"RALO CX SINF C/SAIDA ARTICULADA › 100X100X50";"SIM";"Nome curto + apresentação";"69bd5cd228a4ccff44690318"
"S5Z-3PF";"REGISTRO ESFEERA SOLDAVEL 60MM PVC";"3";"sem_giro";"0";"REGISTRO ESFEERA SOLDAVEL 60MM PVC";"";"";"";"";"REGISTRO ESFEERA SOLDAVEL 60MM PVC";"REGISTRO";"60MM";"";"";"";"REGISTRO › 60MM";"SIM";"Registro + medida";"69bd5ce55969ccc03a160ce2"
"WNR-CI9";"REGISTRO ESFERA PLAST 25MM SOLDAVEL - VEPS125";"3";"sem_giro";"0";"REGISTRO ESFERA PLAST 25MM SOLDAVEL - VEPS125";"";"";"";"";"REGISTRO ESFERA PLAST 25MM SOLDAVEL - VEPS125";"REGISTRO ESFERA";"25MM";"";"";"";"REGISTRO ESFERA › 25MM";"SIM";"Registro + medida";"69bd5ce528a4ccff44690320"
"U8D-260";"REGISTRO ESFERA PLASTICO 25MM SOLDAVEL - VEPS125";"3";"sem_giro";"0";"REGISTRO ESFERA PLASTICO 25MM SOLDAVEL - VEPS125";"";"";"";"";"REGISTRO ESFERA PLASTICO 25MM SOLDAVEL - VEPS125";"REGISTRO ESFERA";"25MM";"";"";"";"REGISTRO ESFERA › 25MM";"SIM";"Registro + medida";"69bd5ce679845daa782db720"
"LQ7-MUY";"REGISTRO ESFERA PLASTICO 40MM SOLDAVEL - VEPS140";"3";"sem_giro";"0";"REGISTRO ESFERA PLASTICO 40MM SOLDAVEL - VEPS140";"";"";"";"";"REGISTRO ESFERA PLASTICO 40MM SOLDAVEL - VEPS140";"REGISTRO ESFERA";"40MM";"";"";"";"REGISTRO ESFERA › 40MM";"SIM";"Registro + medida";"69bd5ce79177ff17ad9e1f26"
"TBN-RG2";"REGISTRO ESFERA ROSCÁVEL INTERNA 3/4 DIV";"3";"sem_giro";"0";"REGISTRO ESFERA ROSCÁVEL INTERNA 3/4 DIV";"";"";"";"";"REGISTRO ESFERA ROSCÁVEL INTERNA 3/4 DIV";"REGISTRO ESFERA";"3/4";"";"";"";"REGISTRO ESFERA › 3/4";"SIM";"Registro + medida";"69bd5ce8879dc9852dd295ae"
"ZJA-9CU";"REGISTRO ESFERA SOLDÁVEL 20MM PVC";"3";"sem_giro";"0";"REGISTRO ESFERA SOLDÁVEL 20MM PVC";"";"";"";"";"REGISTRO ESFERA SOLDÁVEL 20MM PVC";"REGISTRO ESFERA";"20MM";"";"";"";"REGISTRO ESFERA › 20MM";"SIM";"Registro + medida";"69bd5ce98b5ba6ff0098fcc0"
"F0D-5LW";"REGISTRO ESFERA SOLDÁVEL 25MM PVC";"3";"sem_giro";"0";"REGISTRO ESFERA SOLDÁVEL 25MM PVC";"";"";"";"";"REGISTRO ESFERA SOLDÁVEL 25MM PVC";"REGISTRO ESFERA";"25MM";"";"";"";"REGISTRO ESFERA › 25MM";"SIM";"Registro + medida";"69bd5ce9fdd78be953119bea"
"G9D-HYN";"REGISTRO HERC P/MAQ LAVAR BR 1/2";"3";"sem_giro";"0";"REGISTRO HERC P/MAQ LAVAR BR 1/2";"";"";"";"";"REGISTRO HERC P/MAQ LAVAR BR 1/2";"REGISTRO";"1/2";"";"";"";"REGISTRO › 1/2";"SIM";"Registro + medida";"69bd5cead81091420bc2b9d2"
"34Z-LW8";"REGISTRO HERC PRESSÃO ROSC C/CANOPLA 1/2";"3";"sem_giro";"0";"REGISTRO HERC PRESSÃO ROSC C/CANOPLA 1/2";"";"";"";"";"REGISTRO HERC PRESSÃO ROSC C/CANOPLA 1/2";"REGISTRO PRESSÃO";"1/2";"";"";"";"REGISTRO PRESSÃO › 1/2";"SIM";"Registro + medida";"69bd5cea073cbfe492b66438"
"TJH-S7T";"REGISTRO PARA CHUVEIRO BRANCO 1/2";"3";"sem_giro";"0";"REGISTRO PARA CHUVEIRO BRANCO 1/2";"";"";"";"";"REGISTRO PARA CHUVEIRO BRANCO 1/2";"REGISTRO";"1/2";"";"";"";"REGISTRO › 1/2";"SIM";"Registro + medida";"69bd5ceb99d4b2871a10d943"
"QS4-PSR";"REGISTRO PARA CHUVEIRO BRANCO 1/2";"3";"sem_giro";"0";"REGISTRO PARA CHUVEIRO BRANCO 1/2";"";"";"";"";"REGISTRO PARA CHUVEIRO BRANCO 1/2";"REGISTRO";"1/2";"";"";"";"REGISTRO › 1/2";"SIM";"Registro + medida";"69bd5ceafe73c53b9ad6ad48"
"FHQ-02Z";"REGISTRO PARA CHUVEIRO BRANCO 3/4";"3";"sem_giro";"0";"REGISTRO PARA CHUVEIRO BRANCO 3/4";"";"";"";"";"REGISTRO PARA CHUVEIRO BRANCO 3/4";"REGISTRO";"3/4";"";"";"";"REGISTRO › 3/4";"SIM";"Registro + medida";"69bd5cecf2d3c3f1d7968bcc"
"44J-C1D";"REGISTRO PARA CHUVEIROBRANCO 3/4";"3";"sem_giro";"0";"REGISTRO PARA CHUVEIROBRANCO 3/4";"";"";"";"";"REGISTRO PARA CHUVEIROBRANCO 3/4";"REGISTRO";"3/4";"";"";"";"REGISTRO › 3/4";"SIM";"Registro + medida";"69bd5cec0b365ad7fb666dec"
"DRA-98G";"REGISTRO PRESSAO J2 DN15";"3";"sem_giro";"0";"REGISTRO PRESSAO J2 DN15";"";"";"";"";"REGISTRO PRESSAO J2 DN15";"REGISTRO PRESSÃO";"15";"";"";"";"REGISTRO PRESSÃO › 15";"SIM";"Registro + medida";"69bd5cedda4e7cc926c00f0a"
"E1K-1HU";"REGISTRO ROSCÁVEL HERC EXTERNA 20MM";"3";"sem_giro";"0";"REGISTRO ROSCÁVEL HERC EXTERNA 20MM";"";"";"";"";"REGISTRO ROSCÁVEL HERC EXTERNA 20MM";"REGISTRO";"20MM";"";"";"";"REGISTRO › 20MM";"SIM";"Registro + medida";"69bd5cee557fc18ee9fe45dd"
"NOB-34A";"REGISTRO ROSCÁVEL HERC EXTERNA 25MM";"3";"sem_giro";"0";"REGISTRO ROSCÁVEL HERC EXTERNA 25MM";"";"";"";"";"REGISTRO ROSCÁVEL HERC EXTERNA 25MM";"REGISTRO";"25MM";"";"";"";"REGISTRO › 25MM";"SIM";"Registro + medida";"69bd5cee0b365ad7fb666ded"
"DN0-8DH";"RÉGUA PEDREIRO 2 M";"3";"sem_giro";"0";"RÉGUA PEDREIRO 2 M";"";"";"";"";"RÉGUA PEDREIRO 2 M";"RÉGUA PEDREIRO 2 M";"2 M";"";"";"";"RÉGUA PEDREIRO 2 M › 2 M";"SIM";"Nome curto + apresentação";"69bd5cee3786529a1edbef4c"
"0R4-XH1";"RÉGUA PEDREIRO 3 M";"3";"sem_giro";"0";"RÉGUA PEDREIRO 3 M";"";"";"";"";"RÉGUA PEDREIRO 3 M";"RÉGUA PEDREIRO 3 M";"3 M";"";"";"";"RÉGUA PEDREIRO 3 M › 3 M";"SIM";"Nome curto + apresentação";"69bd5ceef9d3d4f20dfdc755"
"8T0-BZ8";"REGULADOR P/GAS SEM MANGUEIRA";"3";"sem_giro";"0";"REGULADOR P/GAS SEM MANGUEIRA";"";"";"";"";"REGULADOR P/GAS SEM MANGUEIRA";"REGULADOR P/GAS SEM MANGUEIRA";"AVULSO";"";"";"";"REGULADOR P/GAS SEM MANGUEIRA › AVULSO";"SIM";"Produto avulso — revisar depois";"69bd5cefcc043d006154d2ee"
"0MM-9Y1";"REGULADOR P/GAS SEM MANGUEIRA";"3";"sem_giro";"0";"REGULADOR P/GAS SEM MANGUEIRA";"";"";"";"";"REGULADOR P/GAS SEM MANGUEIRA";"REGULADOR P/GAS SEM MANGUEIRA";"AVULSO";"";"";"";"REGULADOR P/GAS SEM MANGUEIRA › AVULSO";"SIM";"Produto avulso — revisar depois";"69bd5cefe2dc8df131731e4b"
"9B7-5P3";"ROLO DE ESPUMA 05 CM";"3";"sem_giro";"0";"ROLO DE ESPUMA 05 CM";"";"";"";"";"ROLO DE ESPUMA 05 CM";"ROLO ESPUMA 05 CM";"AVULSO";"";"";"";"ROLO ESPUMA 05 CM › AVULSO";"SIM";"Produto avulso — revisar depois";"69bd5d02352eeca99b975dae"
"5CS-T74";"ROLO DE ESPUMA 09 CM";"3";"sem_giro";"0";"ROLO DE ESPUMA 09 CM";"";"";"";"";"ROLO DE ESPUMA 09 CM";"ROLO ESPUMA 09 CM";"AVULSO";"";"";"";"ROLO ESPUMA 09 CM › AVULSO";"SIM";"Produto avulso — revisar depois";"69bd5d028d7f0a7b8f277543"
"PHT-U2K";"ROLO DE ESPUMA PROF 15CM";"3";"sem_giro";"0";"ROLO DE ESPUMA PROF 15CM";"";"";"";"";"ROLO DE ESPUMA PROF 15CM";"ROLO ESPUMA PROF 15CM";"AVULSO";"";"";"";"ROLO ESPUMA PROF 15CM › AVULSO";"SIM";"Produto avulso — revisar depois";"69bd5d0319855641c8be6353"
"Y90-TQH";"ROLO DE LA  05 CM";"3";"sem_giro";"0";"ROLO DE LA  05 CM";"";"";"";"";"ROLO DE LA  05 CM";"ROLO LA 05 CM";"AVULSO";"";"";"";"ROLO LA 05 CM › AVULSO";"SIM";"Produto avulso — revisar depois";"69bd5d04de9614ca42174f92"
"PMV-947";"ROLO DE LA  09 CM";"3";"sem_giro";"0";"ROLO DE LA  09 CM";"";"";"";"";"ROLO DE LA  09 CM";"ROLO LA 09 CM";"AVULSO";"";"";"";"ROLO LA 09 CM › AVULSO";"SIM";"Produto avulso — revisar depois";"69bd5d04d9559df2829af717"
"GIG-51F";"ROLO DE LA 15 CM";"3";"sem_giro";"0";"ROLO DE LA 15 CM";"";"";"";"";"ROLO DE LA 15 CM";"ROLO LA 15 CM";"AVULSO";"";"";"";"ROLO LA 15 CM › AVULSO";"SIM";"Produto avulso — revisar depois";"69bd5d045969ccc03a160cf1"
"FD0-O28";"ROLO DE LA SINTETICA C/ CABO 23CM CONDOR";"3";"sem_giro";"0";"ROLO DE LA SINTETICA C/ CABO 23CM CONDOR";"";"";"";"";"ROLO DE LA SINTETICA C/ CABO 23CM CONDOR";"ROLO LA SINTETICA C/ CABO";"AVULSO";"";"";"";"ROLO LA SINTETICA C/ CABO › AVULSO";"SIM";"Produto avulso — revisar depois";"69bd5d057819a0d0016506a6"
"DLI-E6N";"ROLO TEXTURA 23CM S/CABO ROMA";"3";"sem_giro";"0";"ROLO TEXTURA 23CM S/CABO ROMA";"";"";"";"";"ROLO TEXTURA 23CM S/CABO ROMA";"ROLO TEXTURA 23CM S/CABO ROMA";"AVULSO";"";"";"Roma";"ROLO TEXTURA 23CM S/CABO ROMA › AVULSO › Roma";"SIM";"Produto avulso — revisar depois";"69bd5d05f40b3dbe4b0a7539"
"MX7-JWJ";"SACA DE FIBRA";"3";"sem_giro";"0";"SACA DE FIBRA";"";"";"";"";"SACA DE FIBRA";"SACA FIBRA";"AVULSO";"";"";"";"SACA FIBRA › AVULSO";"SIM";"Produto avulso — revisar depois";"69bd5d05de542b9f2ac3b1d2"
"B26-D8C";"SELADOR P/ MADEIRA INCOLOR IQUINE - LT";"3";"sem_giro";"0";"SELADOR P/ MADEIRA INCOLOR IQUINE - LT";"";"";"";"";"SELADOR P/ MADEIRA INCOLOR IQUINE - LT";"TINTA SELADOR ACRÍLICO";"AVULSO";"";"";"Iquine";"TINTA SELADOR ACRÍLICO › AVULSO › Iquine";"SIM";"Tinta/verniz: produto + volume";"69bd5d07c5b1728a6f773f9e"
"Z77-V3I";"SERROTE 20""";"3";"sem_giro";"0";"SERROTE 20""";"";"";"";"";"SERROTE 20""";"SERROTE 20""";"AVULSO";"";"";"";"SERROTE 20"" › AVULSO";"SIM";"Produto avulso — revisar depois";"69bd5d0826750e894c7ec0ad"
"D9R-QDT";"SIFAO PLASBOHN DUPLO";"3";"sem_giro";"0";"SIFAO PLASBOHN DUPLO";"";"";"";"";"SIFAO PLASBOHN DUPLO";"SIFAO PLASBOHN DUPLO";"AVULSO";"";"";"";"SIFAO PLASBOHN DUPLO › AVULSO";"SIM";"Produto avulso — revisar depois";"69bd5d091486242e39723dfc"
"8CO-JNC";"SILICONE ACETICO BRANCO 250ML";"3";"sem_giro";"0";"SILICONE ACETICO BRANCO 250ML";"";"";"";"";"SILICONE ACETICO BRANCO 250ML";"SILICONE ACETICO BRANCO 250ML";"250ML";"";"";"";"SILICONE ACETICO BRANCO 250ML › 250ML";"SIM";"Nome curto + apresentação";"69bd5d09883cce24bbb81bd6"
"J2V-RAX";"SILICONE ACÉTICO INCOLOR 240G";"3";"sem_giro";"0";"SILICONE ACÉTICO INCOLOR 240G";"";"";"";"";"SILICONE ACÉTICO INCOLOR 240G";"SILICONE ACÉTICO INCOLOR 240G";"AVULSO";"";"";"";"SILICONE ACÉTICO INCOLOR 240G › AVULSO";"SIM";"Produto avulso — revisar depois";"69bd5d0ae1fef647a92cb37f"
"PY9-T2U";"SILICONE ACETICO INCOLOR 50ML";"3";"sem_giro";"0";"SILICONE ACETICO INCOLOR 50ML";"";"";"";"";"SILICONE ACETICO INCOLOR 50ML";"SILICONE ACETICO INCOLOR 50ML";"50ML";"";"";"";"SILICONE ACETICO INCOLOR 50ML › 50ML";"SIM";"Nome curto + apresentação";"69bd5d0a7b5df4cc4debb7a7"
"HKW-483";"SILICONE PU40 TEKBOND BRANCO 310ML/364G";"3";"sem_giro";"0";"SILICONE PU40 TEKBOND BRANCO 310ML/364G";"";"";"";"";"SILICONE PU40 TEKBOND BRANCO 310ML/364G";"SILICONE PU40 TEKBOND BRANCO 310ML/364G";"310ML";"";"";"Tekbond";"SILICONE PU40 TEKBOND BRANCO 310ML/364G › 310ML › Tekbond";"SIM";"Nome curto + apresentação";"69bd5d0ac0db240ca29ca604"
"YRA-P7A";"SUPORTE PARA MANGUEIRA VERDE";"3";"sem_giro";"0";"SUPORTE PARA MANGUEIRA VERDE";"";"";"";"";"SUPORTE PARA MANGUEIRA VERDE";"SUPORTE MANGUEIRA VERDE";"AVULSO";"";"";"";"SUPORTE MANGUEIRA VERDE › AVULSO";"SIM";"Produto avulso — revisar depois";"69bd5d0b879dc9852dd295c3"
"8Y2-OTO";"TANQUE DECORALITA MARMOFIBRA DUPLO 102X50 MARROM IMPERIAL";"3";"sem_giro";"0";"TANQUE DECORALITA MARMOFIBRA DUPLO 102X50 MARROM IMPERIAL";"";"";"";"";"TANQUE DECORALITA MARMOFIBRA DUPLO 102X50 MARROM IMPERIAL";"TANQUE DECORALITA MARMOFIBRA DUPLO 102X50";"102X50";"";"";"";"TANQUE DECORALITA MARMOFIBRA DUPLO 102X50 › 102X50";"SIM";"Nome curto + apresentação";"69bd5d0c8a5aaead890e1239"
"68S-F0X";"TE ESGOTO 100MM X 50MM";"3";"sem_giro";"0";"TE ESGOTO 100MM X 50MM";"";"";"";"";"TE ESGOTO 100MM X 50MM";"TE ESGOTO";"100 MM";"";"";"";"TE ESGOTO › 100 MM";"SIM";"Conexão hidráulica";"69bd5d0e08a3a6356a857a99"
"OAV-P8T";"TE ESGOTO 150MM";"3";"sem_giro";"0";"TE ESGOTO 150MM";"";"";"";"";"TE ESGOTO 150MM";"TE ESGOTO";"150 MM";"";"";"";"TE ESGOTO › 150 MM";"SIM";"Conexão hidráulica";"69bd5d0f7a356b0b262388e0"
"3DE-ZOF";"TECPLUS 1 QUARTZOLIT 3,6 L";"3";"sem_giro";"0";"TECPLUS 1 QUARTZOLIT 3,6 L";"";"";"";"";"TECPLUS 1 QUARTZOLIT 3,6 L";"TECPLUS 1 QUARTZOLIT 3,6 L";"3,6 L";"";"";"Quartzolit";"TECPLUS 1 QUARTZOLIT 3,6 L › 3,6 L › Quartzolit";"SIM";"Nome curto + apresentação";"69bd5d209f77e0281eca12dc"
"SF1-94T";"TELA PARA MOSQUITEIRO VERDE 1,20 X 50";"3";"sem_giro";"0";"TELA PARA MOSQUITEIRO VERDE 1,20 X 50";"";"";"";"";"TELA PARA MOSQUITEIRO VERDE 1,20 X 50";"TELA MOSQUITEIRO VERDE 1,20 X";"20 X 50";"";"";"";"TELA MOSQUITEIRO VERDE 1,20 X › 20 X 50";"SIM";"Nome curto + apresentação";"69bd5d20b6437e3a1f675f5a"
"9RL-L6C";"TELA PARA MOSQUITO VERDE 1,00 X 50,00";"3";"sem_giro";"0";"TELA PARA MOSQUITO VERDE 1,00 X 50,00";"";"";"";"";"TELA PARA MOSQUITO VERDE 1,00 X 50,00";"TELA MOSQUITO VERDE 1,00 X";"00 X 50";"";"";"";"TELA MOSQUITO VERDE 1,00 X › 00 X 50";"SIM";"Nome curto + apresentação";"69bd5d21b6d7895f631e11dd"
"KOK-ML9";"TELA PARA MOSQUITO VERDE 1,50 X 50";"3";"sem_giro";"0";"TELA PARA MOSQUITO VERDE 1,50 X 50";"";"";"";"";"TELA PARA MOSQUITO VERDE 1,50 X 50";"TELA MOSQUITO VERDE 1,50 X";"50 X 50";"";"";"";"TELA MOSQUITO VERDE 1,50 X › 50 X 50";"SIM";"Nome curto + apresentação";"69bd5d22bbf12349437b356b"
"8ST-MNF";"THINNER KING 900ML";"3";"sem_giro";"0";"THINNER KING 900ML";"";"";"";"";"THINNER KING 900ML";"THINNER";"900ML";"";"";"";"THINNER › 900ML";"SIM";"Tinta/verniz: produto + volume";"69bd5d24312eba698f7106d0"
"JIP-SW4";"THINNER LUKSNOVA SUPER-EXTRA 206 5L";"3";"sem_giro";"0";"THINNER LUKSNOVA SUPER-EXTRA 206 5L";"";"";"";"";"THINNER LUKSNOVA SUPER-EXTRA 206 5L";"THINNER";"5L";"";"";"";"THINNER › 5L";"SIM";"Tinta/verniz: produto + volume";"69bd5d245ffb6da19959cd1b"
"P73-7FB";"THINNER LUKSNOVA SUPER-EXTRA 206 900 ML";"3";"sem_giro";"0";"THINNER LUKSNOVA SUPER-EXTRA 206 900 ML";"";"";"";"";"THINNER LUKSNOVA SUPER-EXTRA 206 900 ML";"THINNER";"900 ML";"";"";"";"THINNER › 900 ML";"SIM";"Tinta/verniz: produto + volume";"69bd5d243e6a21978c2fa6b4"
"CDE-68I";"THINNER LUKSNOVA SUPER-EXTRA 237 5L";"3";"sem_giro";"0";"THINNER LUKSNOVA SUPER-EXTRA 237 5L";"";"";"";"";"THINNER LUKSNOVA SUPER-EXTRA 237 5L";"THINNER";"5L";"";"";"";"THINNER › 5L";"SIM";"Tinta/verniz: produto + volume";"69bd5d2585e7a829dc4d7909"
"V7M-ZMJ";"THINNER LUKSNOVA SUPER-EXTRA 237 900 ML";"3";"sem_giro";"0";"THINNER LUKSNOVA SUPER-EXTRA 237 900 ML";"";"";"";"";"THINNER LUKSNOVA SUPER-EXTRA 237 900 ML";"THINNER";"900 ML";"";"";"";"THINNER › 900 ML";"SIM";"Tinta/verniz: produto + volume";"69bd5d25d924a685c5b0bda1"
"JGW-WK2";"TIJOLO 18x19";"3";"sem_giro";"0";"TIJOLO 18x19";"";"";"";"";"TIJOLO 18x19";"TIJOLO 18x19";"18X19";"";"";"";"TIJOLO 18x19 › 18X19";"SIM";"Nome curto + apresentação";"69bd5d25f2d3c3f1d7968de8"
"E61-M3X";"TIJOLO DE VIDRO";"3";"sem_giro";"0";"TIJOLO DE VIDRO";"";"";"";"";"TIJOLO DE VIDRO";"TIJOLO VIDRO";"AVULSO";"";"";"";"TIJOLO VIDRO › AVULSO";"SIM";"Produto avulso — revisar depois";"69bd5d26a8d6fd2dc21e68a4"
"CQQ-94S";"TINTA SPRAY COLORGIN 360ML - AZUL MÉDIO";"3";"sem_giro";"0";"TINTA SPRAY COLORGIN 360ML - AZUL MÉDIO";"";"";"";"";"TINTA SPRAY COLORGIN 360ML - AZUL MÉDIO";"TINTA SPRAY";"360ML";"";"";"Colorgin";"TINTA SPRAY › 360ML › Colorgin";"SIM";"Tinta/verniz: produto + volume";"69bd64bf6037b9740a5d1718"
"QNO-L9U";"TINTA SPRAY COLORGIN 360ML - BRANCO FOSCO";"3";"sem_giro";"0";"TINTA SPRAY COLORGIN 360ML - BRANCO FOSCO";"";"";"";"";"TINTA SPRAY COLORGIN 360ML - BRANCO FOSCO";"TINTA SPRAY";"360ML";"";"";"Colorgin";"TINTA SPRAY › 360ML › Colorgin";"SIM";"Tinta/verniz: produto + volume";"69bd64bfcf84f75320813000"
"C68-B27";"TINTA SPRAY COLORGIN 360ML INZA";"3";"sem_giro";"0";"TINTA SPRAY COLORGIN 360ML INZA";"";"";"";"";"TINTA SPRAY COLORGIN 360ML INZA";"TINTA SPRAY";"360ML";"";"";"Colorgin";"TINTA SPRAY › 360ML › Colorgin";"SIM";"Tinta/verniz: produto + volume";"69bd64bf37b785a845b2a011"
"W7B-J1X";"TINTA SPRAY COLORGIN 400ML - ALUMÍNIO";"3";"sem_giro";"0";"TINTA SPRAY COLORGIN 400ML - ALUMÍNIO";"";"";"";"";"TINTA SPRAY COLORGIN 400ML - ALUMÍNIO";"TINTA SPRAY";"400ML";"";"";"Colorgin";"TINTA SPRAY › 400ML › Colorgin";"SIM";"Tinta/verniz: produto + volume";"69bd64c0be1f1a2f32905c52"
"21U-HET";"TINTA SPRAY COLORGIN 400ML - VIOLETA";"3";"sem_giro";"0";"TINTA SPRAY COLORGIN 400ML - VIOLETA";"";"";"";"";"TINTA SPRAY COLORGIN 400ML - VIOLETA";"TINTA SPRAY";"400ML";"";"";"Colorgin";"TINTA SPRAY › 400ML › Colorgin";"SIM";"Tinta/verniz: produto + volume";"69bd64c03bc107d87c58452d"
"0O3-730";"TINTA SPRAY RENNER 300ML - AZUL OCEANO";"3";"sem_giro";"0";"TINTA SPRAY RENNER 300ML - AZUL OCEANO";"";"";"";"";"TINTA SPRAY RENNER 300ML - AZUL OCEANO";"TINTA SPRAY";"300ML";"";"";"Renner";"TINTA SPRAY › 300ML › Renner";"SIM";"Tinta/verniz: produto + volume";"69bd64c10bd6b6ff1757e884"
"DS5-5KZ";"TINTA SPRAY TEKBOND 350ML - BEGE";"3";"sem_giro";"0";"TINTA SPRAY TEKBOND 350ML - BEGE";"";"";"";"";"TINTA SPRAY TEKBOND 350ML - BEGE";"TINTA SPRAY";"350ML";"";"";"Tekbond";"TINTA SPRAY › 350ML › Tekbond";"SIM";"Tinta/verniz: produto + volume";"69bd64c195a15e3ebdb1baf3"
"3KY-7R7";"TINTA SPRAY TEKBOND 350ML - ROSA";"3";"sem_giro";"0";"TINTA SPRAY TEKBOND 350ML - ROSA";"";"";"";"";"TINTA SPRAY TEKBOND 350ML - ROSA";"TINTA SPRAY";"350ML";"";"";"Tekbond";"TINTA SPRAY › 350ML › Tekbond";"SIM";"Tinta/verniz: produto + volume";"69bd64c2836727ec2a0cec93"
"S0X-O7X";"TOMADA DUPLA 10A TRAMONTINA ARIA";"3";"sem_giro";"0";"TOMADA DUPLA 10A TRAMONTINA ARIA";"";"";"";"";"TOMADA DUPLA 10A TRAMONTINA ARIA";"TOMADA";"10A DUPLA";"ARIA";"";"Tramontina";"TOMADA › 10A DUPLA › ARIA › Tramontina";"SIM";"Tomada: amperagem + linha";"69bd64c22a3d36583d1bee9f"
"Q8L-UC7";"TOMADA DUPLA 20A TRAMONTINA ARIA";"4";"sem_giro";"0";"TOMADA DUPLA 20A TRAMONTINA ARIA";"";"";"";"";"TOMADA DUPLA 20A TRAMONTINA ARIA";"TOMADA";"20A DUPLA";"ARIA";"";"Tramontina";"TOMADA › 20A DUPLA › ARIA › Tramontina";"SIM";"Tomada: amperagem + linha";"69bd64c20b365ad7fb6675f6"
"WZD-9Y0";"TOMADA SIMPLES 10A TRAMONTINA ARIA";"4";"sem_giro";"0";"TOMADA SIMPLES 10A TRAMONTINA ARIA";"";"";"";"";"TOMADA SIMPLES 10A TRAMONTINA ARIA";"TOMADA";"10A SIMPLES";"ARIA";"";"Tramontina";"TOMADA › 10A SIMPLES › ARIA › Tramontina";"SIM";"Tomada: amperagem + linha";"69bd64c282fb5ee958fb8cca"
"1ZB-0D2";"TOMADA SIMPLES 20A ILUMI";"4";"sem_giro";"0";"TOMADA SIMPLES 20A ILUMI";"";"";"";"";"TOMADA SIMPLES 20A ILUMI";"TOMADA";"20A SIMPLES";"ILUMI";"";"Ilumi";"TOMADA › 20A SIMPLES › ILUMI › Ilumi";"SIM";"Tomada: amperagem + linha";"69bd64c338c91ee068f95d4b"
"I6P-F8P";"TOMADA SIMPLES 20A TRAMONTINA  LUX";"4";"sem_giro";"0";"TOMADA SIMPLES 20A TRAMONTINA  LUX";"";"";"";"";"TOMADA SIMPLES 20A TRAMONTINA  LUX";"TOMADA";"20A SIMPLES";"LUX";"";"Tramontina";"TOMADA › 20A SIMPLES › LUX › Tramontina";"SIM";"Tomada: amperagem + linha";"69bd64c327eb57186da8c6fe"
"2Z9-R34";"TOMADA SIMPLES 20A TRAMONTINA ARIA";"4";"sem_giro";"0";"TOMADA SIMPLES 20A TRAMONTINA ARIA";"";"";"";"";"TOMADA SIMPLES 20A TRAMONTINA ARIA";"TOMADA";"20A SIMPLES";"ARIA";"";"Tramontina";"TOMADA › 20A SIMPLES › ARIA › Tramontina";"SIM";"Tomada: amperagem + linha";"69bd64c34ccaee70cc3561f1"
"7QS-O6L";"TOMADA SOBREPOR 10A ILUMI";"4";"sem_giro";"0";"TOMADA SOBREPOR 10A ILUMI";"";"";"";"";"TOMADA SOBREPOR 10A ILUMI";"TOMADA";"10A SIMPLES";"ILUMI";"";"Ilumi";"TOMADA › 10A SIMPLES › ILUMI › Ilumi";"SIM";"Tomada: amperagem + linha";"69bd64c3830071f5db32701a"
"8U7-7RA";"TOMADA SOBREPOR 10A INTERNEED";"4";"sem_giro";"0";"TOMADA SOBREPOR 10A INTERNEED";"";"";"";"";"TOMADA SOBREPOR 10A INTERNEED";"TOMADA";"10A SIMPLES";"";"";"";"TOMADA › 10A SIMPLES";"SIM";"Tomada: amperagem + linha";"69bd64c434a3dad263014c96"
"ZFG-Q25";"TORNEIRA (PURIFICADOR) ACQUA DUE PAREDE";"4";"sem_giro";"0";"TORNEIRA (PURIFICADOR) ACQUA DUE PAREDE";"";"";"";"";"TORNEIRA (PURIFICADOR) ACQUA DUE PAREDE";"TORNEIRA";"AVULSO";"";"";"";"TORNEIRA › AVULSO";"SIM";"Torneira por uso";"69bd64c6fe4419b0cda9286b"
"F8M-1O5";"TORNEIRA BIC MOV P/ PIA COZ PAREDE ABS DN15";"4";"sem_giro";"0";"TORNEIRA BIC MOV P/ PIA COZ PAREDE ABS DN15";"";"";"";"";"TORNEIRA BIC MOV P/ PIA COZ PAREDE ABS DN15";"TORNEIRA";"DN15";"";"";"";"TORNEIRA › DN15";"SIM";"Torneira por uso";"69bd64c7fdd78be95311a3be"
"TG8-MQR";"TORNEIRA BICA MOV P/ LAVAT MESA ABS TUBO CURVO DN15";"4";"sem_giro";"0";"TORNEIRA BICA MOV P/ LAVAT MESA ABS TUBO CURVO DN15";"";"";"";"";"TORNEIRA BICA MOV P/ LAVAT MESA ABS TUBO CURVO DN15";"TORNEIRA DE MESA";"DN15";"";"";"";"TORNEIRA DE MESA › DN15";"SIM";"Torneira por uso";"69bd64c77f00461c54f4e907"
"W4U-OGT";"TORNEIRA BICA MOVEL DE MESA PIA/COZINHA J4 DN15";"4";"sem_giro";"0";"TORNEIRA BICA MOVEL DE MESA PIA/COZINHA J4 DN15";"";"";"";"";"TORNEIRA BICA MOVEL DE MESA PIA/COZINHA J4 DN15";"TORNEIRA DE MESA";"DN15 BICA MÓVEL";"";"";"";"TORNEIRA DE MESA › DN15 BICA MÓVEL";"SIM";"Torneira por uso";"69bd64c86af4061bb3246fc9"
"11D-153";"TORNEIRA BICA MOVEL DE PAREDE  PIA/COZINHA J4 DN15";"4";"sem_giro";"0";"TORNEIRA BICA MOVEL DE PAREDE  PIA/COZINHA J4 DN15";"";"";"";"";"TORNEIRA BICA MOVEL DE PAREDE  PIA/COZINHA J4 DN15";"TORNEIRA";"DN15 BICA MÓVEL";"";"";"";"TORNEIRA › DN15 BICA MÓVEL";"SIM";"Torneira por uso";"69bd64c8487a808fb2c64636"
"DRS-M0Q";"TORNEIRA BICA MOVEL MESA LAV 1195 SHK";"4";"sem_giro";"0";"TORNEIRA BICA MOVEL MESA LAV 1195 SHK";"";"";"";"";"TORNEIRA BICA MOVEL MESA LAV 1195 SHK";"TORNEIRA DE MESA";"BICA MÓVEL";"";"";"";"TORNEIRA DE MESA › BICA MÓVEL";"SIM";"Torneira por uso";"69bd64c994a69909d1cfa541"
"VV9-MRR";"TORNEIRA BICA MÓVEL PAREDE SHB ABS 1/4 DE VOLTA DN15";"4";"sem_giro";"0";"TORNEIRA BICA MÓVEL PAREDE SHB ABS 1/4 DE VOLTA DN15";"";"";"";"";"TORNEIRA BICA MÓVEL PAREDE SHB ABS 1/4 DE VOLTA DN15";"TORNEIRA";"DN15 BICA MÓVEL";"";"";"";"TORNEIRA › DN15 BICA MÓVEL";"SIM";"Torneira por uso";"69bd64cabe89c2d1b2224cad"
"M0Y-YQZ";"TORNEIRA BICA MOVEL TIPO ""U"" IHP DN15";"4";"sem_giro";"0";"TORNEIRA BICA MOVEL TIPO ""U"" IHP DN15";"";"";"";"";"TORNEIRA BICA MOVEL TIPO ""U"" IHP DN15";"TORNEIRA";"DN15 BICA MÓVEL";"";"";"";"TORNEIRA › DN15 BICA MÓVEL";"SIM";"Torneira por uso";"69bd64caa471e18832a3fd30"
"JMH-O79";"TORNEIRA DE MESA PARA COZINHA CROMADA DN15";"4";"sem_giro";"0";"TORNEIRA DE MESA PARA COZINHA CROMADA DN15";"";"";"";"";"TORNEIRA DE MESA PARA COZINHA CROMADA DN15";"TORNEIRA DE MESA";"DN15";"";"";"Roma";"TORNEIRA DE MESA › DN15 › Roma";"SIM";"Torneira por uso";"69bd64cb34a3dad263014c9c"
"WOD-507";"TORNEIRA DE PAREDE PARA COZINHA CROMADA DN15";"4";"sem_giro";"0";"TORNEIRA DE PAREDE PARA COZINHA CROMADA DN15";"";"";"";"";"TORNEIRA DE PAREDE PARA COZINHA CROMADA DN15";"TORNEIRA";"DN15";"";"";"Roma";"TORNEIRA › DN15 › Roma";"SIM";"Torneira por uso";"69bd64cb3ebfa0e2dd953b31"
"VQ4-F7P";"TORNEIRA ESF P/JARDIM MET 1/2""";"4";"sem_giro";"0";"TORNEIRA ESF P/JARDIM MET 1/2""";"";"";"";"";"TORNEIRA ESF P/JARDIM MET 1/2""";"TORNEIRA P/ JARDIM";"1/2";"";"";"";"TORNEIRA P/ JARDIM › 1/2";"SIM";"Torneira por uso";"69bd64cc0ff1c9c71f7dc83e"
"82P-AN1";"TORNEIRA GR P/LAVATORIO PLAST BRANCA 1 DN15";"4";"sem_giro";"0";"TORNEIRA GR P/LAVATORIO PLAST BRANCA 1 DN15";"";"";"";"";"TORNEIRA GR P/LAVATORIO PLAST BRANCA 1 DN15";"TORNEIRA P/ LAVATÓRIO";"DN15";"";"";"";"TORNEIRA P/ LAVATÓRIO › DN15";"SIM";"Torneira por uso";"69bd64ccfee78e40a25ed789"
"OWB-EI4";"TORNEIRA JARDIM/PAREDE PRETO  3/4";"4";"sem_giro";"0";"TORNEIRA JARDIM/PAREDE PRETO  3/4";"";"";"";"";"TORNEIRA JARDIM/PAREDE PRETO  3/4";"TORNEIRA P/ JARDIM";"3/4";"";"";"";"TORNEIRA P/ JARDIM › 3/4";"SIM";"Torneira por uso";"69bd64cf132601148c5f5098"
"95S-Y0H";"TORNEIRA P/LAVATORIO MESA ABS BRANCA SHB";"4";"sem_giro";"0";"TORNEIRA P/LAVATORIO MESA ABS BRANCA SHB";"";"";"";"";"TORNEIRA P/LAVATORIO MESA ABS BRANCA SHB";"TORNEIRA P/ LAVATÓRIO";"AVULSO";"";"";"";"TORNEIRA P/ LAVATÓRIO › AVULSO";"SIM";"Torneira por uso";"69bd64d0de152954146fc2c9"
"820-9W1";"TORNEIRA P/LAVATORIO MESA ACAB AQUILA COM AREJADOR ARTICULAD";"4";"sem_giro";"0";"TORNEIRA P/LAVATORIO MESA ACAB AQUILA COM AREJADOR ARTICULAD";"";"";"";"";"TORNEIRA P/LAVATORIO MESA ACAB AQUILA COM AREJADOR ARTICULAD";"TORNEIRA P/ LAVATÓRIO";"AVULSO";"";"";"";"TORNEIRA P/ LAVATÓRIO › AVULSO";"SIM";"Torneira por uso";"69bd64d09d2cfedca9c64813"
"OM3-A0I";"TORNEIRA PLASTICA COZINHA ALAVANCA 1/2";"4";"sem_giro";"0";"TORNEIRA PLASTICA COZINHA ALAVANCA 1/2";"";"";"";"";"TORNEIRA PLASTICA COZINHA ALAVANCA 1/2";"TORNEIRA";"1/2";"";"";"";"TORNEIRA › 1/2";"SIM";"Torneira por uso";"69bd64d23fef203a504ae1b3"
"HVM-PV2";"TORNEIRA PLASTICA P/LAVATÓRIO 1/2";"4";"sem_giro";"0";"TORNEIRA PLASTICA P/LAVATÓRIO 1/2";"";"";"";"";"TORNEIRA PLASTICA P/LAVATÓRIO 1/2";"TORNEIRA";"1/2";"";"";"";"TORNEIRA › 1/2";"SIM";"Torneira por uso";"69bd64d217305f4fe2b304ee"
"6MV-4A0";"TORNEIRA PLASTICA PIA/LONGA COM CHUVEIRINHO 1/2";"4";"sem_giro";"0";"TORNEIRA PLASTICA PIA/LONGA COM CHUVEIRINHO 1/2";"";"";"";"";"TORNEIRA PLASTICA PIA/LONGA COM CHUVEIRINHO 1/2";"TORNEIRA";"1/2";"";"";"";"TORNEIRA › 1/2";"SIM";"Torneira por uso";"69bd64d2fa9143aa30b439fd"
"303-DVF";"TORNEIRA PLASTICA TANQUE CURTA COM CHUVEIRINHO 1/2";"4";"sem_giro";"0";"TORNEIRA PLASTICA TANQUE CURTA COM CHUVEIRINHO 1/2";"";"";"";"";"TORNEIRA PLASTICA TANQUE CURTA COM CHUVEIRINHO 1/2";"TORNEIRA";"1/2";"";"";"";"TORNEIRA › 1/2";"SIM";"Torneira por uso";"69bd64d36d4064a53ab77ccb"
"U63-RGG";"TORNEIRA TANQUE/PAREDE 15CM 1/2 HERC";"4";"sem_giro";"0";"TORNEIRA TANQUE/PAREDE 15CM 1/2 HERC";"";"";"";"";"TORNEIRA TANQUE/PAREDE 15CM 1/2 HERC";"TORNEIRA";"1/2";"";"";"";"TORNEIRA › 1/2";"SIM";"Torneira por uso";"69bd64d3020a5939471756cf"
"NUP-7QS";"TORNEIRA TANQUE/PAREDE BRANCA  CROSS10 CM 1/2";"4";"sem_giro";"0";"TORNEIRA TANQUE/PAREDE BRANCA  CROSS10 CM 1/2";"";"";"";"";"TORNEIRA TANQUE/PAREDE BRANCA  CROSS10 CM 1/2";"TORNEIRA";"1/2";"";"";"";"TORNEIRA › 1/2";"SIM";"Torneira por uso";"69bd64d3c4cf055bf2675dc6"
"IMN-IN8";"TORNEIRA TANQUE/PAREDE BRANCA 15CM  1/2";"4";"sem_giro";"0";"TORNEIRA TANQUE/PAREDE BRANCA 15CM  1/2";"";"";"";"";"TORNEIRA TANQUE/PAREDE BRANCA 15CM  1/2";"TORNEIRA";"1/2";"";"";"";"TORNEIRA › 1/2";"SIM";"Torneira por uso";"69bd64d38e818276ce471713"
"BK6-DME";"TORNEIRA TANQUE/PAREDE C/ALAVANCA 15 CM 1/2";"4";"sem_giro";"0";"TORNEIRA TANQUE/PAREDE C/ALAVANCA 15 CM 1/2";"";"";"";"";"TORNEIRA TANQUE/PAREDE C/ALAVANCA 15 CM 1/2";"TORNEIRA";"1/2";"";"";"";"TORNEIRA › 1/2";"SIM";"Torneira por uso";"69bd64d4ed9881478debd869"
"X9S-AEY";"TRENA  5MT";"4";"sem_giro";"0";"TRENA  5MT";"";"";"";"";"TRENA  5MT";"TRENA 5MT";"AVULSO";"";"";"";"TRENA 5MT › AVULSO";"SIM";"Produto avulso — revisar depois";"69bd64d4039a8de1a2b8d815"
"J1L-291";"TRENA 3M";"4";"sem_giro";"0";"TRENA 3M";"";"";"";"";"TRENA 3M";"TRENA 3M";"3M";"";"";"";"TRENA 3M › 3M";"SIM";"Nome curto + apresentação";"69bd64d47819a0d001650de0"
"F0W-BAJ";"UNIAO ROSCAVEL 1";"4";"sem_giro";"0";"UNIAO ROSCAVEL 1";"";"";"";"";"UNIAO ROSCAVEL 1";"UNIAO ROSCAVEL 1";"AVULSO";"";"";"";"UNIAO ROSCAVEL 1 › AVULSO";"SIM";"Produto avulso — revisar depois";"69bd64dc6105a9036ac8443b"
"ZTL-1BK";"VASSOURA METAL 180 ARAME REG C/ CABO";"4";"sem_giro";"0";"VASSOURA METAL 180 ARAME REG C/ CABO";"";"";"";"";"VASSOURA METAL 180 ARAME REG C/ CABO";"VASSOURA METAL 180 ARAME REG";"AVULSO";"";"";"";"VASSOURA METAL 180 ARAME REG › AVULSO";"SIM";"Produto avulso — revisar depois";"69bd64e35c42c2f22b8f415e"
"91J-T83";"KIT P/ ASSENTAMENTO DE PORTA (MARCO+VISTA) 0,8 X 2,10 M";"4";"com_giro";"0";"KIT P/ ASSENTAMENTO DE PORTA (MARCO+VISTA) 0,8 X 2,10 M";"";"";"";"";"KIT P/ ASSENTAMENTO DE PORTA (MARCO+VISTA) 0,8 X 2,10 M";"KIT ASSENTAMENTO PORTA (MARCO+VISTA) 0,8";"8 X 2";"";"";"";"KIT ASSENTAMENTO PORTA (MARCO+VISTA) 0,8 › 8 X 2";"SIM";"Nome curto + apresentação";"69bd5bd50b5007f31c438e67"
"I4Z-LYJ";"MASSA ACRILICA (BD 5 KG) HIPERCOR";"4";"com_giro";"0";"MASSA ACRILICA (BD 5 KG) HIPERCOR";"";"";"";"";"MASSA ACRILICA (BD 5 KG) HIPERCOR";"MASSA ACRÍLICA";"5 KG";"";"";"Hipercor";"MASSA ACRÍLICA › 5 KG › Hipercor";"SIM";"Massa/argamassa: produto + apresentação";"69bd5bfcc43a67189631eb8f"
"QDC-4CM";"PINCEL 3/4";"4";"com_giro";"0";"PINCEL 3/4";"";"";"";"";"PINCEL 3/4";"PINCEL 3/4";"3/4";"";"";"";"PINCEL 3/4 › 3/4";"SIM";"Nome curto + apresentação";"69bd5c76e45d56175a72b219"
"HTY-5R9";"RALO SIMPLES QUADRADO - SOCEL";"4";"com_giro";"0";"RALO SIMPLES QUADRADO - SOCEL";"";"";"";"";"RALO SIMPLES QUADRADO - SOCEL";"RALO SIMPLES QUADRADO - SOCEL";"AVULSO";"";"";"";"RALO SIMPLES QUADRADO - SOCEL › AVULSO";"SIM";"Produto avulso — revisar depois";"69bd5cd2aa33a1bcfcf7da05"
"IHS-86X";"REGISTRO ESFERA PLASTICO 32MM SOLDAVEL - VEPS132";"4";"com_giro";"0";"REGISTRO ESFERA PLASTICO 32MM SOLDAVEL - VEPS132";"";"";"";"";"REGISTRO ESFERA PLASTICO 32MM SOLDAVEL - VEPS132";"REGISTRO ESFERA";"32MM";"";"";"";"REGISTRO ESFERA › 32MM";"SIM";"Registro + medida";"69bd5ce6b5e7dcd0aa7dfd90"
"W11-5BF";"REGISTRO ESFERA ROSCÁVEL METAL 3/4";"4";"com_giro";"0";"REGISTRO ESFERA ROSCÁVEL METAL 3/4";"";"";"";"";"REGISTRO ESFERA ROSCÁVEL METAL 3/4";"REGISTRO ESFERA";"3/4";"";"";"";"REGISTRO ESFERA › 3/4";"SIM";"Registro + medida";"69bd5ce93e4a61b1922ad760"
"3HY-OH3";"REV. 7,5X15 LINHA SOFT BRANCO (1,00m²/ CX)   #M";"4";"com_giro";"0";"REV. 7,5X15 LINHA SOFT BRANCO (1,00m²/ CX)   #M";"";"";"";"";"REV. 7,5X15 LINHA SOFT BRANCO (1,00m²/ CX)   #M";"REVESTIMENTO";"5X15";"";"";"";"REVESTIMENTO › 5X15";"SIM";"Revestimento + formato";"69bd5d0295c422bee4a2540a"
"J25-VCG";"ROLO DE ESPUMA 15 CM";"4";"com_giro";"0";"ROLO DE ESPUMA 15 CM";"";"";"";"";"ROLO DE ESPUMA 15 CM";"ROLO ESPUMA 15 CM";"AVULSO";"";"";"";"ROLO ESPUMA 15 CM › AVULSO";"SIM";"Produto avulso — revisar depois";"69bd5d034af8983815c84d2d"
"4KW-7YB";"TORNEIRA JARDIM/PAREDE PRETO  1/2";"4";"com_giro";"0";"TORNEIRA JARDIM/PAREDE PRETO  1/2";"";"";"";"";"TORNEIRA JARDIM/PAREDE PRETO  1/2";"TORNEIRA P/ JARDIM";"1/2";"";"";"";"TORNEIRA P/ JARDIM › 1/2";"SIM";"Torneira por uso";"69bd64cffa325ae7d0a12e4f"
"2PW-UIM";"TINTA SPRAY METÁLICA - DOURADO";"4";"com_giro";"0";"TINTA SPRAY METÁLICA - DOURADO";"";"";"";"";"TINTA SPRAY METÁLICA - DOURADO";"TINTA SPRAY";"AVULSO";"";"";"";"TINTA SPRAY › AVULSO";"SIM";"Tinta/verniz: produto + volume";"69bd64c087854e4bffcb3666"
"S69-W4Q";"TINTA SPRAY METÁLICA - PRATA";"4";"com_giro";"0";"TINTA SPRAY METÁLICA - PRATA";"";"";"";"";"TINTA SPRAY METÁLICA - PRATA";"TINTA SPRAY";"AVULSO";"";"";"";"TINTA SPRAY › AVULSO";"SIM";"Tinta/verniz: produto + volume";"69bd64c1fe673647f4ad0fcc"
"SVB-HW8";"TORNEIRA PLASTICA TANQUE CURTA 10CM 1/2";"4";"com_giro";"0";"TORNEIRA PLASTICA TANQUE CURTA 10CM 1/2";"";"";"";"";"TORNEIRA PLASTICA TANQUE CURTA 10CM 1/2";"TORNEIRA";"1/2";"";"";"";"TORNEIRA › 1/2";"SIM";"Torneira por uso";"69bd64d2e9eeb82b336cd2e2"
"S24-9LG";"MASSA CORRIDA (BD 4 KG) LUX #G";"4";"com_giro";"0";"MASSA CORRIDA (BD 4 KG) LUX #G";"";"";"";"";"MASSA CORRIDA (BD 4 KG) LUX #G";"MASSA CORRIDA";"4 KG";"";"";"Lux";"MASSA CORRIDA › 4 KG › Lux";"SIM";"Massa/argamassa: produto + apresentação";"69bd5bfe7a356b0b26238868"
"043-5GC";"ROLO DE LA ANTI-RESPINGO 23CM S/CABO ROMA 822-23";"4";"com_giro";"0";"ROLO DE LA ANTI-RESPINGO 23CM S/CABO ROMA 822-23";"";"";"";"";"ROLO DE LA ANTI-RESPINGO 23CM S/CABO ROMA 822-23";"ROLO LA ANTI-RESPINGO 23CM S/CABO";"AVULSO";"";"";"Roma";"ROLO LA ANTI-RESPINGO 23CM S/CABO › AVULSO › Roma";"SIM";"Produto avulso — revisar depois";"69bd5d047d45044d51c1a8bd"
"E6N-9FB";"TINTA SPRAY TEKBOND 350ML - GRAFITE";"4";"com_giro";"0";"TINTA SPRAY TEKBOND 350ML - GRAFITE";"";"";"";"";"TINTA SPRAY TEKBOND 350ML - GRAFITE";"TINTA SPRAY";"350ML";"";"";"Tekbond";"TINTA SPRAY › 350ML › Tekbond";"SIM";"Tinta/verniz: produto + volume";"69bd64c1eb2ceb71cfd3e3d7"
"SXM-3DO";"PLAFON PLASTICO BRANCO";"4";"com_giro";"0";"PLAFON PLASTICO BRANCO";"";"";"";"";"PLAFON PLASTICO BRANCO";"PLAFON PLASTICO BRANCO";"AVULSO";"";"";"";"PLAFON PLASTICO BRANCO › AVULSO";"SIM";"Produto avulso — revisar depois";"69bd5cbdbbf12349437b3525"
"67O-V56";"REGISTRO ESFERA PLAST 20MM SOLDAVEL - VEPS120";"4";"com_giro";"0";"REGISTRO ESFERA PLAST 20MM SOLDAVEL - VEPS120";"";"";"";"";"REGISTRO ESFERA PLAST 20MM SOLDAVEL - VEPS120";"REGISTRO ESFERA";"20MM";"";"";"";"REGISTRO ESFERA › 20MM";"SIM";"Registro + medida";"69bd5ce59d2d2cf17a2e97a0"
"POH-R93";"ROLO DE ESPUMA 23 CM";"4";"com_giro";"0";"ROLO DE ESPUMA 23 CM";"";"";"";"";"ROLO DE ESPUMA 23 CM";"ROLO ESPUMA 23 CM";"AVULSO";"";"";"";"ROLO ESPUMA 23 CM › AVULSO";"SIM";"Produto avulso — revisar depois";"69bd5d03189f8a985663d980"
"58D-Z6X";"MASSA CORRIDA (BD 20 KG) LUX #G";"4";"com_giro";"0";"MASSA CORRIDA (BD 20 KG) LUX #G";"";"";"";"";"MASSA CORRIDA (BD 20 KG) LUX #G";"MASSA CORRIDA";"20 KG";"";"";"Lux";"MASSA CORRIDA › 20 KG › Lux";"SIM";"Massa/argamassa: produto + apresentação";"69bd5bfed2ed6cc269017693"
"QYI-7MI";"PERFIL DE PVC F 06M #G";"4";"com_giro";"0";"PERFIL DE PVC F 06M #G";"";"";"";"";"PERFIL DE PVC F 06M #G";"PERFIL PVC F";"06 M";"";"";"";"PERFIL PVC F › 06 M";"SIM";"Perfil PVC + comprimento";"69bd5c038c0c5d3b33cd48b6"
"2F6-DYM";"REV EKP 34X50 DINAMARCA MIX EXT (2.38M2)";"4";"com_giro";"0";"REV EKP 34X50 DINAMARCA MIX EXT (2.38M2)";"";"";"";"";"REV EKP 34X50 DINAMARCA MIX EXT (2.38M2)";"REVESTIMENTO";"34X50";"";"";"";"REVESTIMENTO › 34X50";"SIM";"Revestimento + formato";"69bd5cfd33c9a3ccb19c0067"