Categoria;Linha (h1);SKUs ativos;Com estoque;Subtipos (h2);Exemplo SKU;Categoria ID
(sem categoria);FRETE;1;0;AVULSO;FRETE AVULSO;
(sem categoria);ISOLADOR TIPO ROLDANA 72 X;1;0;72MM;ISOLADOR TIPO ROLDANA 72 X 72MM;
(sem categoria);PISO;2;0;45x45;PISO 45X45 NEVE PEI5 (2 M²/CX);6a3e8eafb61cb57a4a2992de
(sem categoria);Produto EXEMPLO - CHECAGEM -;1;0;AVULSO;Produto EXEMPLO - CHECAGEM - AVULSO;
A - MATERIAIS BÁSICOS;ARAME GALVANIZADO;2;0;No.12 (2.76MM) 20M/KG | No.16 (1.65MM) 56M/KG;ARAME GALVANIZADO No.12 (2.76MM) 20M/KG;6a3e8eae2074de4c1d451af9
A - MATERIAIS BÁSICOS;ARAME RECOZIDO;1;1;1 KG;ARAME RECOZIDO 1 KG;6a3e8eae2074de4c1d451af9
A - MATERIAIS BÁSICOS;AREIA;2;1;A GRANEL | ENSACADA;AREIA A GRANEL;6a3e8eae2074de4c1d451af9
A - MATERIAIS BÁSICOS;ARGAMASSA;5;3;15 KG | 20 KG;ARGAMASSA 15 KG AC-1 JBMIX;6a3e8eae2074de4c1d451af9
A - MATERIAIS BÁSICOS;BARRA ROSCADA ZINCADA;2;0;1/2' | 1/4';BARRA ROSCADA ZINCADA 1/2';6a3e8eae2074de4c1d451af9
A - MATERIAIS BÁSICOS;BLOCO DE CONCRETO;3;2;09 X 19 X 19 | 09 X 19 X 39 | 14 X 19 X 39;BLOCO DE CONCRETO 09 X 19 X 19;6a3e8eae2074de4c1d451af9
A - MATERIAIS BÁSICOS;CAL SUPERCAL;1;0;5 KILO;CAL SUPERCAL 5 KILO;6a3e8eae2074de4c1d451af9
A - MATERIAIS BÁSICOS;CIMENTO BRANCO;1;1;01 KG #G;CIMENTO BRANCO 01 KG #G;6a3e8eae2074de4c1d451af9
A - MATERIAIS BÁSICOS;CIMENTO PORTLAND;1;1;42,5 KG;CIMENTO PORTLAND 42,5 KG;6a3e8eae2074de4c1d451af9
A - MATERIAIS BÁSICOS;ESTRIBO;3;2;17 X 17 CM | 7 X 17 CM | 7 X 27 CM;ESTRIBO 17 X 17 CM (CAIXA C/200);6a3e8eae2074de4c1d451af9
A - MATERIAIS BÁSICOS;PONTALETE GALVANIZADO LEVE BIFASICO 3;1;1;AVULSO;PONTALETE GALVANIZADO LEVE BIFASICO 3 AVULSO;6a3e8eae2074de4c1d451af9
A - MATERIAIS BÁSICOS;PONTALETE GALVANIZADO LEVE MONOFÁSICO 3;1;0;AVULSO;PONTALETE GALVANIZADO LEVE MONOFÁSICO 3 AVULSO;6a3e8eae2074de4c1d451af9
A - MATERIAIS BÁSICOS;SEIXO;1;1;A GRANEL;SEIXO A GRANEL;6a3e8eae2074de4c1d451af9
A - MATERIAIS BÁSICOS;THINNER;1;0;900 ML;THINNER 900 ML;6a3e8eae2074de4c1d451af9
A - MATERIAIS BÁSICOS;TIJOLO 18x19;1;0;18X19;TIJOLO 18x19 18X19;6a3e8eae2074de4c1d451af9
A - MATERIAIS BÁSICOS;TIJOLO VIDRO;1;0;AVULSO;TIJOLO VIDRO AVULSO;6a3e8eae2074de4c1d451af9
A - MATERIAIS BÁSICOS;VERGALHÃO DE FERRO;7;4;06M | 12M;VERGALHÃO DE FERRO 06M 12,7 MM - 1/2';6a3e8eae2074de4c1d451af9
B - COBERTURAS E FORROS;COMPENSADO;4;1;2,20 X 1,10 X 04,00 MM | 2,20 X 1,10 X 10,00 MM | 2,20 X 1,10 X 18,00 MM | 2,44 X 1,22 X 04,00 MM;COMPENSADO 2,20 X 1,10 X 04,00 MM;6a3e8eaf740517d2556389b3
B - COBERTURAS E FORROS;FORRO PVC;1;1;8mm x 20cm x 6m;FORRO PVC 8MM X 20CM X 6M BRANCO;6a3e8eaf740517d2556389b3
B - COBERTURAS E FORROS;PERFIL PVC;1;1;06 M;PERFIL PVC 06 M;6a3e8eaf740517d2556389b3
B - COBERTURAS E FORROS;PERFIL PVC COLONIAL;1;1;06 M;PERFIL PVC COLONIAL 06 M;6a3e8eaf740517d2556389b3
B - COBERTURAS E FORROS;PERFIL PVC F;1;0;06 M;PERFIL PVC F 06 M;6a3e8eaf740517d2556389b3
B - COBERTURAS E FORROS;PERFIL PVC U;1;1;06 M;PERFIL PVC U 06 M;6a3e8eaf740517d2556389b3
B - COBERTURAS E FORROS;PLASTILON PVC 6M ARAFORROS;1;0;6M;PLASTILON PVC 6M ARAFORROS 6M;6a3e8eaf740517d2556389b3
B - COBERTURAS E FORROS;TELA MOSQUITEIRO VERDE 1,20 X;1;0;20 X 50;TELA MOSQUITEIRO VERDE 1,20 X 20 X 50;6a3e8eaf740517d2556389b3
B - COBERTURAS E FORROS;TELA MOSQUITO VERDE 1,00 X;1;0;00 X 50;TELA MOSQUITO VERDE 1,00 X 00 X 50;6a3e8eaf740517d2556389b3
B - COBERTURAS E FORROS;TELA MOSQUITO VERDE 1,50 X;1;0;50 X 50;TELA MOSQUITO VERDE 1,50 X 50 X 50;6a3e8eaf740517d2556389b3
B - COBERTURAS E FORROS;TELHA ONDULADA GALVALUME GSP 0,66;1;1;66 X 2;TELHA ONDULADA GALVALUME GSP 0,66 66 X 2 Nortfort;6a3e8eaf740517d2556389b3
C - HIDRÁULICA BRUTA;ADAPTADOR P/ CX. D'ÁGUA;6;3;"20MM X 1/2' | 25MM X 3/4' | 32MM X 1"" | 40MM X 1"" 1/4' | 50MM X 1"" 1/2' | 60MM X 2""";ADAPTADOR P/ CX. D'ÁGUA 20MM X 1/2';6a3e8eafd04226259f2523ff
C - HIDRÁULICA BRUTA;ADAPTADOR SOLDÁVEL MISTO;5;3;"20MM X 1/2' | 25MM X 3/4' | 32MM X 1"" | 40MM X 1"" 1/4' | 50MM X 1"" 1/2'";ADAPTADOR SOLDÁVEL MISTO 20MM X 1/2';6a3e8eafd04226259f2523ff
C - HIDRÁULICA BRUTA;BOCA LOBO;1;0;AVULSO;BOCA LOBO AVULSO;6a3e8eafd04226259f2523ff
C - HIDRÁULICA BRUTA;BOCAL;1;1;C/ RABICHO;BOCAL C/ RABICHO;6a3e8eafd04226259f2523ff
C - HIDRÁULICA BRUTA;BUCHA ELETRODUTO;2;2;1'' | 1/2';BUCHA ELETRODUTO 1'' INCA;6a3e8eafd04226259f2523ff
C - HIDRÁULICA BRUTA;BUCHA RED. ROSCÁVEL;3;2;ROSCAVEL;BUCHA RED. ROSCÁVEL ROSCAVEL 1 1/4 X 1;6a3e8eafd04226259f2523ff
C - HIDRÁULICA BRUTA;BUCHA RED. SOLD;9;7;SOLDÁVEL;BUCHA RED. SOLD SOLDÁVEL CURTA 25 X 20;6a3e8eafd04226259f2523ff
C - HIDRÁULICA BRUTA;BUCHA REDUÇÃO;1;1;ROSCAVEL;BUCHA REDUÇÃO ROSCAVEL 1 1/2 X 1 1/4;6a3e8eafd04226259f2523ff
C - HIDRÁULICA BRUTA;CAIXA;1;0;AVULSO;CAIXA AVULSO;6a3e8eafd04226259f2523ff
C - HIDRÁULICA BRUTA;CAIXA D'ÁGUA;4;4;FORTLEV;CAIXA D'ÁGUA FORTLEV 1000 L;6a3e8eafd04226259f2523ff
C - HIDRÁULICA BRUTA;CAIXA SIFONADA;3;2;QUADRADA | REDONDA;CAIXA SIFONADA QUADRADA 100 X 100 X 40 MM;6a3e8eafd04226259f2523ff
C - HIDRÁULICA BRUTA;CAP;12;10;ESGOTO | ROSCÁVEL | SOLDÁVEL;CAP ESGOTO 100MM;6a3e8eafd04226259f2523ff
C - HIDRÁULICA BRUTA;COLAR PARA TUBO;3;0;40 X 3/4 TIGRE | 50 X 3/4 TIGRE | 60 X 3/4 TIGRE;COLAR PARA TUBO 40 X 3/4 TIGRE;6a3e8eafd04226259f2523ff
C - HIDRÁULICA BRUTA;CURVA;4;2;ESGOTO;CURVA ESGOTO CURTA;6a3e8eafd04226259f2523ff
C - HIDRÁULICA BRUTA;ENGATE FLEX PVC C/ ANEL;3;0;30 CM | 40CM | 50CM;ENGATE FLEX PVC C/ ANEL 30 CM;6a3e8eafd04226259f2523ff
C - HIDRÁULICA BRUTA;ESPUDE;1;0;1 1/2/40MM (BS5) (30);ESPUDE 1 1/2/40MM (BS5) (30) ASTRA;6a3e8eafd04226259f2523ff
C - HIDRÁULICA BRUTA;GRELHA P/ CAIXA SIFONADA;2;2;QUADRADA | REDONDA;GRELHA P/ CAIXA SIFONADA QUADRADA 100MM;6a3e8eafd04226259f2523ff
C - HIDRÁULICA BRUTA;JOELHO;28;15;ESGOTO | ROSCÁVEL | SOLDÁVEL;JOELHO ESGOTO 45;6a3e8eafd04226259f2523ff
C - HIDRÁULICA BRUTA;JUNÇÃO;6;5;ESGOTO;JUNÇÃO ESGOTO 100 MM;6a3e8eafd04226259f2523ff
C - HIDRÁULICA BRUTA;LUVA;15;11;ESGOTO | ROSCÁVEL | SOLDÁVEL;LUVA ESGOTO 100 MM;6a3e8eafd04226259f2523ff
C - HIDRÁULICA BRUTA;MANGUEIRA CRISTAL NIVEL 1/4;1;0;1/4;MANGUEIRA CRISTAL NIVEL 1/4 1/4;6a3e8eafd04226259f2523ff
C - HIDRÁULICA BRUTA;MANGUEIRA MAQUINA LAVAR 1,40M;1;0;40M;MANGUEIRA MAQUINA LAVAR 1,40M 40M;6a3e8eafd04226259f2523ff
C - HIDRÁULICA BRUTA;MECANISMO UNIVERSAL SUP;1;0;AVULSO;MECANISMO UNIVERSAL SUP AVULSO;6a3e8eafd04226259f2523ff
C - HIDRÁULICA BRUTA;NIPEL ROSCAVEL 1;1;1;AVULSO;NIPEL ROSCAVEL 1 AVULSO;6a3e8eafd04226259f2523ff
C - HIDRÁULICA BRUTA;NIPEL ROSCAVEL 1 1/2;1;1;1/2;NIPEL ROSCAVEL 1 1/2 1/2;6a3e8eafd04226259f2523ff
C - HIDRÁULICA BRUTA;NIPEL ROSCAVEL 1/2;1;1;1/2;NIPEL ROSCAVEL 1/2 1/2;6a3e8eafd04226259f2523ff
C - HIDRÁULICA BRUTA;NIPEL ROSCAVEL 3/4;1;1;3/4;NIPEL ROSCAVEL 3/4 3/4;6a3e8eafd04226259f2523ff
C - HIDRÁULICA BRUTA;RALO CX SINF C/SAIDA ARTICULADA;1;0;100X100X50;RALO CX SINF C/SAIDA ARTICULADA 100X100X50;6a3e8eafd04226259f2523ff
C - HIDRÁULICA BRUTA;RALO SIMPLES QUADRADO - SOCEL;1;0;AVULSO;RALO SIMPLES QUADRADO - SOCEL AVULSO;6a3e8eafd04226259f2523ff
C - HIDRÁULICA BRUTA;RALO SIMPLES QUADRADO 100X52X40 -;1;1;100X52X40;RALO SIMPLES QUADRADO 100X52X40 - 100X52X40;6a3e8eafd04226259f2523ff
C - HIDRÁULICA BRUTA;REGISTRO;9;5;1/2 | 20MM | 25MM | 3/4 | 60MM | AVULSO;REGISTRO 1/2;6a3e8eafd04226259f2523ff
C - HIDRÁULICA BRUTA;REGISTRO ESFERA;18;9;1/2 | 20MM | 25MM | 3/4 | 32MM | 40MM | 50MM | 60MM | AVULSO;REGISTRO ESFERA 1/2;6a3e8eafd04226259f2523ff
C - HIDRÁULICA BRUTA;REGISTRO PRESSÃO;5;3;1/2 | 15 | 20;REGISTRO PRESSÃO 1/2;6a3e8eafd04226259f2523ff
C - HIDRÁULICA BRUTA;REGULADOR P/GAS SEM MANGUEIRA;2;0;AVULSO;REGULADOR P/GAS SEM MANGUEIRA AVULSO;6a3e8eafd04226259f2523ff
C - HIDRÁULICA BRUTA;SIFAO BRANCO;1;1;AVULSO;SIFAO BRANCO AVULSO;6a3e8eafd04226259f2523ff
C - HIDRÁULICA BRUTA;"SIFAO METALICO 1.1/2"" X 1.1/2""";1;1;1/2;"SIFAO METALICO 1.1/2"" X 1.1/2"" 1/2";6a3e8eafd04226259f2523ff
C - HIDRÁULICA BRUTA;"SIFAO METALICO 1.1/4"" X 1.1/2""";1;1;1/4;"SIFAO METALICO 1.1/4"" X 1.1/2"" 1/4";6a3e8eafd04226259f2523ff
C - HIDRÁULICA BRUTA;SIFAO PLASBOHN DUPLO;1;0;AVULSO;SIFAO PLASBOHN DUPLO AVULSO;6a3e8eafd04226259f2523ff
C - HIDRÁULICA BRUTA;TAPA-FURO 20mm;1;1;20mm;TAPA-FURO 20mm 20mm;6a3e8eafd04226259f2523ff
C - HIDRÁULICA BRUTA;TAPA-FURO 25mm;1;1;25mm;TAPA-FURO 25mm 25mm;6a3e8eafd04226259f2523ff
C - HIDRÁULICA BRUTA;TAPA-FURO 32 MM;1;1;32 MM;TAPA-FURO 32 MM 32 MM;6a3e8eafd04226259f2523ff
C - HIDRÁULICA BRUTA;TAPA-FURO 50 MM;1;1;50 MM;TAPA-FURO 50 MM 50 MM;6a3e8eafd04226259f2523ff
C - HIDRÁULICA BRUTA;TE;14;12;ROSCAVEL | SOLDAVEL | SOLDÁVEL;"TE ROSCAVEL 1 1/2""";6a3e8eafd04226259f2523ff
C - HIDRÁULICA BRUTA;TE ESGOTO;6;4;100 MM | 150 MM | 40 MM | 50 MM | 75 MM;TE ESGOTO 100 MM;6a3e8eafd04226259f2523ff
C - HIDRÁULICA BRUTA;TUBO;14;10;ESGOTO | OCRE P/POÇO | ROSCAVEL | SOLDAVEL;TUBO ESGOTO 100 MM;6a3e8eafd04226259f2523ff
C - HIDRÁULICA BRUTA;TUBO ESGOTO;1;1;40 MM;TUBO ESGOTO 40 MM;6a3e8eafd04226259f2523ff
C - HIDRÁULICA BRUTA;TUBO GALVANIZADO;1;0;16;TUBO GALVANIZADO 16 16;6a3e8eafd04226259f2523ff
C - HIDRÁULICA BRUTA;UNIAO;3;2;SOLDAVEL;UNIAO SOLDAVEL 20MM;6a3e8eafd04226259f2523ff
C - HIDRÁULICA BRUTA;UNIAO ROSCAVEL 1;1;0;AVULSO;UNIAO ROSCAVEL 1 AVULSO;6a3e8eafd04226259f2523ff
C - HIDRÁULICA BRUTA;UNIAO ROSCAVEL 1 1/2;1;1;1/2;UNIAO ROSCAVEL 1 1/2 1/2;6a3e8eafd04226259f2523ff
C - HIDRÁULICA BRUTA;UNIAO ROSCAVEL 1 1/4;1;1;1/4;UNIAO ROSCAVEL 1 1/4 1/4;6a3e8eafd04226259f2523ff
C - HIDRÁULICA BRUTA;UNIAO ROSCAVEL 1/2;1;1;1/2;UNIAO ROSCAVEL 1/2 1/2;6a3e8eafd04226259f2523ff
C - HIDRÁULICA BRUTA;UNIAO ROSCAVEL 3/4;1;1;3/4;UNIAO ROSCAVEL 3/4 3/4;6a3e8eafd04226259f2523ff
D - ELÉTRICA BRUTA;ARMAÇÃO NUCLEAR P/ PONTALETE;3;3;BIFÁSICA 3 POLOS | MONOFÁSICA 2 POLOS | TRIFÁSICA 4 POLOS;ARMAÇÃO NUCLEAR P/ PONTALETE BIFÁSICA 3 POLOS;6a3e8eafc22324f23348422d
D - ELÉTRICA BRUTA;ARRUELA ELETRODUTO;4;4;"1"" | 1"" 1/4' | 1/2' | 3/4'";"ARRUELA ELETRODUTO 1""";6a3e8eafc22324f23348422d
D - ELÉTRICA BRUTA;BENJAMIN PADRÃO;1;0;10A;BENJAMIN PADRÃO 10A;6a3e8eafc22324f23348422d
D - ELÉTRICA BRUTA;BUCHA ELETRODUTO;1;1;3/4';BUCHA ELETRODUTO 3/4' INCA;6a3e8eafc22324f23348422d
D - ELÉTRICA BRUTA;CAIXA DE DISTRIBUIÇAO;1;1;QUADRADA;CAIXA DE DISTRIBUIÇAO QUADRADA PERFLEX;6a3e8eafc22324f23348422d
D - ELÉTRICA BRUTA;CAIXA DE LUZ;1;1;4X4;CAIXA DE LUZ 4X4;6a3e8eafc22324f23348422d
D - ELÉTRICA BRUTA;CAIXA DE LUZ P/ CONTADOR;3;3;BIFÁSICA | MONOFÁSICA | TRIFÁSICA;CAIXA DE LUZ P/ CONTADOR BIFÁSICA;6a3e8eafc22324f23348422d
D - ELÉTRICA BRUTA;CAIXA STOP P/AR CONDICIONADO;1;0;AVULSO;CAIXA STOP P/AR CONDICIONADO AVULSO;6a3e8eafc22324f23348422d
D - ELÉTRICA BRUTA;CAIXINHA DE LUZ PLÁSTICA;2;0;4 X 4 | 4X2;CAIXINHA DE LUZ PLÁSTICA 4 X 4;6a3e8eafc22324f23348422d
D - ELÉTRICA BRUTA;CANALETA ELETRODUTO;1;0;2 MT;CANALETA ELETRODUTO 2 MT;6a3e8eafc22324f23348422d
D - ELÉTRICA BRUTA;CONDUITE CORRUGADO;2;2;1/2' | 3/4';CONDUITE CORRUGADO 1/2' TRAMONTINA;6a3e8eafc22324f23348422d
D - ELÉTRICA BRUTA;CONECTOR P/HASTE ATERRAM.1/2 TAF;1;1;1/2;CONECTOR P/HASTE ATERRAM.1/2 TAF 1/2;6a3e8eafc22324f23348422d
D - ELÉTRICA BRUTA;CURVA ELETRODUTO;5;3;"1"" | 1"" 1/2' | 1"" 1/4' | 1/2' | 3/4'";"CURVA ELETRODUTO 1""";6a3e8eafc22324f23348422d
D - ELÉTRICA BRUTA;DISJUNTOR;10;0;DIN;DISJUNTOR DIN BIFÁSICO;6a3e8eafc22324f23348422d
D - ELÉTRICA BRUTA;FIO ELÉTRICO;5;0;ELÉTRICO;FIO ELÉTRICO ELÉTRICO 1 X 01,50MM #14;6a3e8eafc22324f23348422d
D - ELÉTRICA BRUTA;FIO PARALELO;4;0;PARALELO;FIO PARALELO PARALELO 2 X 01,00MM #16;6a3e8eafc22324f23348422d
D - ELÉTRICA BRUTA;GRAMPO P/ FIO;4;0;10/12 25 UN | 14/16 25 UN | 16MM | 18/20 25 UN;GRAMPO P/ FIO 10/12 25 UN;6a3e8eafc22324f23348422d
D - ELÉTRICA BRUTA;HASTE DE ATERRAMENTO DE COBRE;2;0;10.00 MM - 1,5 M | 10.00 MM - 2,0 M;HASTE DE ATERRAMENTO DE COBRE 10.00 MM - 1,5 M;6a3e8eafc22324f23348422d
D - ELÉTRICA BRUTA;LUVA;5;4;ELETRODUTO;"LUVA ELETRODUTO 1""";6a3e8eafc22324f23348422d
D - ELÉTRICA BRUTA;PLACA CEGA 4X2;1;1;4X2;PLACA CEGA 4X2 4X2;6a3e8eafc22324f23348422d
D - ELÉTRICA BRUTA;QUADRO DISTRIBUIÇÃO 12 - TRIAL;1;1;AVULSO;QUADRO DISTRIBUIÇÃO 12 - TRIAL AVULSO;6a3e8eafc22324f23348422d
D - ELÉTRICA BRUTA;QUADRO DISTRIBUIÇAO 12/16 - TIGRE;1;0;12/16;QUADRO DISTRIBUIÇAO 12/16 - TIGRE 12/16 Tigre;6a3e8eafc22324f23348422d
D - ELÉTRICA BRUTA;QUADRO DISTRIBUIÇÃO 16 - KRONA;1;0;AVULSO;QUADRO DISTRIBUIÇÃO 16 - KRONA AVULSO;6a3e8eafc22324f23348422d
D - ELÉTRICA BRUTA;QUADRO DISTRIBUIÇÃO 3/4 - TIGRE;1;0;3/4;QUADRO DISTRIBUIÇÃO 3/4 - TIGRE 3/4 Tigre;6a3e8eafc22324f23348422d
D - ELÉTRICA BRUTA;QUADRO DISTRIBUIÇÃO 9/6 - MECTRONIC;1;0;9/6;QUADRO DISTRIBUIÇÃO 9/6 - MECTRONIC 9/6;6a3e8eafc22324f23348422d
D - ELÉTRICA BRUTA;QUADRO DISTRIBUIÇÃO EMBUTIR 12 PÓLOS;1;0;AVULSO;QUADRO DISTRIBUIÇÃO EMBUTIR 12 PÓLOS AVULSO;6a3e8eafc22324f23348422d
D - ELÉTRICA BRUTA;RESISTENCIA 065 3T LORENULTRA 127/4600;1;1;127/4600;RESISTENCIA 065 3T LORENULTRA 127/4600 127/4600;6a3e8eafc22324f23348422d
D - ELÉTRICA BRUTA;RESISTENCIA 3055-Q 127V 5500W;1;1;AVULSO;RESISTENCIA 3055-Q 127V 5500W AVULSO;6a3e8eafc22324f23348422d
D - ELÉTRICA BRUTA;RESISTENCIA 3056E 127/5500 ELE ADVANCED/TOP;1;1;127/5500;RESISTENCIA 3056E 127/5500 ELE ADVANCED/TOP 127/5500;6a3e8eafc22324f23348422d
D - ELÉTRICA BRUTA;RESISTENCIA 3060A 127/5500 DUOSHOW/FUT;1;1;127/5500;RESISTENCIA 3060A 127/5500 DUOSHOW/FUT 127/5500;6a3e8eafc22324f23348422d
D - ELÉTRICA BRUTA;RESISTENCIA 3065 ACQUA ULTRA 127/5500;1;1;127/5500;RESISTENCIA 3065 ACQUA ULTRA 127/5500 127/5500;6a3e8eafc22324f23348422d
D - ELÉTRICA BRUTA;TUBO;5;3;ELETRODUTO;"TUBO ELETRODUTO 1 1/2""";6a3e8eafc22324f23348422d
E - PISOS E REVESTIMENTOS;CERAMICA;1;0;AVULSO;CERAMICA AVULSO;6a3e8eafb61cb57a4a2992de
E - PISOS E REVESTIMENTOS;ESPAÇADOR NIVELADOR DE REVESTIMENTO;2;0;1MM (50PÇS) CCG | 2MM (50PÇS) CCG;ESPAÇADOR NIVELADOR DE REVESTIMENTO 1MM (50PÇS) CCG;6a3e8eafb61cb57a4a2992de
E - PISOS E REVESTIMENTOS;JUNTA PISO EM CRUZ ESPAÇADOR;3;1;1 MM | 2 MM | 3 MM;JUNTA PISO EM CRUZ ESPAÇADOR 1 MM;6a3e8eafb61cb57a4a2992de
E - PISOS E REVESTIMENTOS;PAVER HEXAGONAL;1;0;AVULSO;PAVER HEXAGONAL AVULSO;6a3e8eafb61cb57a4a2992de
E - PISOS E REVESTIMENTOS;PAVER RETANG. 10,00 CM LARG;1;0;AVULSO;PAVER RETANG. 10,00 CM LARG AVULSO;6a3e8eafb61cb57a4a2992de
E - PISOS E REVESTIMENTOS;PISO;237;40;20x120 | 20x60 | 31x60 | 32x45 | 32x66 | 33x59 | 33x60 | 33X62 | 34x60 | 36x60 | 43x43 | 45x45 | 46x46 | 50x50 | 56x56 | 57x57 | 58x58 | 60x120 | 60x60 | 61x61 | 66x66 | 81x81 | 83x83 | 84x84 | 87x87 | 88x88 | 90x56;PISO 20x120 CABERNET (1,68M²/ CX);6a3e8eafb61cb57a4a2992de
E - PISOS E REVESTIMENTOS;PORCELANATO;17;1;22X90 | 32x60 | 58X58 | 60X120 | 60X60 | 72X72 | 76X76 | 80X80;PORCELANATO 22X90 PORTLAND ACT TAUPE (1,82 M²/ CX -P PCS);6a3e8eafb61cb57a4a2992de
E - PISOS E REVESTIMENTOS;PORCELENATO;1;1;60X120;PORCELENATO 60X120 NAVONA MATE;6a3e8eafb61cb57a4a2992de
E - PISOS E REVESTIMENTOS;PORCELENATO 60X120 SAFIRA MATE OXIDO;1;0;60X120;PORCELENATO 60X120 SAFIRA MATE OXIDO 60X120;6a3e8eafb61cb57a4a2992de
E - PISOS E REVESTIMENTOS;REJUNTE;23;13;1KG;REJUNTE 1KG JBMIX;6a3e8eafb61cb57a4a2992de
E - PISOS E REVESTIMENTOS;REVESTIMENTO;14;9;10X10 | 34x50 | 34X50 | 5X15;REVESTIMENTO 10X10 MYCONOS 1,8 M/ 17 PCS;6a3e8eafb61cb57a4a2992de
E - PISOS E REVESTIMENTOS;TECPLUS 1 QUARTZOLIT 3,6 L;1;0;3,6 L;TECPLUS 1 QUARTZOLIT 3,6 L 3,6 L Quartzolit;6a3e8eafb61cb57a4a2992de
F - ESQUADRIAS E FERRAGENS;DOBRADIÇA;3;0;(CONJUNTO) | UNID;DOBRADIÇA (CONJUNTO) 850 X 1 1/2 2 PCS;6a3e8eb06f284a2c3a9d7245
F - ESQUADRIAS E FERRAGENS;FECHADURA;10;0;SOPRANO | STAM;FECHADURA SOPRANO 40 X 53 REFINATA A;6a3e8eb06f284a2c3a9d7245
F - ESQUADRIAS E FERRAGENS;FECHO ZINCADO;2;0;CHATO;"FECHO ZINCADO CHATO 3""";6a3e8eb06f284a2c3a9d7245
F - ESQUADRIAS E FERRAGENS;KIT ASSENTAMENTO PORTA (MARCO+VISTA) 0,8;1;0;8 X 2;KIT ASSENTAMENTO PORTA (MARCO+VISTA) 0,8 8 X 2;6a3e8eb06f284a2c3a9d7245
F - ESQUADRIAS E FERRAGENS;PORTA MADEIRA 0,80 X 2,10;1;0;80 X 2;PORTA MADEIRA 0,80 X 2,10 80 X 2;6a3e8eb06f284a2c3a9d7245
F - ESQUADRIAS E FERRAGENS;PORTA MDF FRISADA 0,80 X;1;0;80 X 2;PORTA MDF FRISADA 0,80 X 80 X 2;6a3e8eb06f284a2c3a9d7245
F - ESQUADRIAS E FERRAGENS;PORTA MDF LISA 0,80 X;1;0;80 X 2;PORTA MDF LISA 0,80 X 80 X 2;6a3e8eb06f284a2c3a9d7245
F - ESQUADRIAS E FERRAGENS;"PORTA-CADEADO ZINCADO 2.1/2""";1;0;1/2;"PORTA-CADEADO ZINCADO 2.1/2"" 1/2";6a3e8eb06f284a2c3a9d7245
F - ESQUADRIAS E FERRAGENS;"PORTA-CADEADO ZINCADO 3.1/2""";1;0;1/2;"PORTA-CADEADO ZINCADO 3.1/2"" 1/2";6a3e8eb06f284a2c3a9d7245
G - PINTURA E QUÍMICOS;ADESIVO PLÁSTICO P/ TUBOS;2;2;17G | 75G;ADESIVO PLÁSTICO P/ TUBOS 17G POLYTUBES;6a3e8eb099ffc31639545dce
G - PINTURA E QUÍMICOS;ADITIVO PLASTIFICANTE;2;0;QUARTZOLIT;ADITIVO PLASTIFICANTE QUARTZOLIT 01 L;6a3e8eb099ffc31639545dce
G - PINTURA E QUÍMICOS;BANDEJA P/PINTURA;1;0;GRANDE;BANDEJA P/PINTURA GRANDE CONDOR;6a3e8eb099ffc31639545dce
G - PINTURA E QUÍMICOS;COLORANTE BASE AGUA (3,6L);2;0;IQUINE;COLORANTE BASE AGUA (3,6L) IQUINE PRETO;6a3e8eb099ffc31639545dce
G - PINTURA E QUÍMICOS;CORANTE LIQUIDO 50 ML;10;7;AMARELO | AZUL | BRANCO | LARANJA | MARROM | OCRE | PRETO | VERDE | VERMELHO | VIOLETA;CORANTE LIQUIDO 50 ML AMARELO XADREZ;6a3e8eb099ffc31639545dce
G - PINTURA E QUÍMICOS;DESENGRIPANTE 30ML;1;0;STARRET;DESENGRIPANTE 30ML STARRET;6a3e8eb099ffc31639545dce
G - PINTURA E QUÍMICOS;ESPUMA EXPANSIVA;4;0;300ML | 500ML;ESPUMA EXPANSIVA 300ML QUARTZOLIT;6a3e8eb099ffc31639545dce
G - PINTURA E QUÍMICOS;IMPERMEABILIZANTE PAREDE;1;0;QUARTZOLIT;IMPERMEABILIZANTE PAREDE QUARTZOLIT 18 KG;6a3e8eb099ffc31639545dce
G - PINTURA E QUÍMICOS;KIT PINTURA BANDEJA+CABO+ROLO;1;0;AVULSO;KIT PINTURA BANDEJA+CABO+ROLO AVULSO;6a3e8eb099ffc31639545dce
G - PINTURA E QUÍMICOS;LIMPADOR REJUNTE DIÁRIO QUARTZOLIT 500;1;0;500 ML;LIMPADOR REJUNTE DIÁRIO QUARTZOLIT 500 500 ML Quartzolit;6a3e8eb099ffc31639545dce
G - PINTURA E QUÍMICOS;LIXA;5;0;D'AGUA;LIXA D'AGUA G 060;6a3e8eb099ffc31639545dce
G - PINTURA E QUÍMICOS;MANTA LÍQUIDA;2;1;5 KG | 6 KG;MANTA LÍQUIDA 5 KG Quartzolit;6a3e8eb099ffc31639545dce
G - PINTURA E QUÍMICOS;MASSA ACRÍLICA;4;2;20 KG | 4 KG | 5 KG;MASSA ACRÍLICA 20 KG HIPERCOR;6a3e8eb099ffc31639545dce
G - PINTURA E QUÍMICOS;MASSA ASFÁLTICA;1;0;GL;MASSA ASFÁLTICA GL;6a3e8eb099ffc31639545dce
G - PINTURA E QUÍMICOS;MASSA CORRIDA;4;1;20 KG | 4 KG | 5 KG;MASSA CORRIDA 20 KG Hipercor;6a3e8eb099ffc31639545dce
G - PINTURA E QUÍMICOS;NOVA RAZ 260 5L;1;1;5L;NOVA RAZ 260 5L 5L;6a3e8eb099ffc31639545dce
G - PINTURA E QUÍMICOS;ROLO ESPUMA PROF 15CM;1;0;AVULSO;ROLO ESPUMA PROF 15CM AVULSO;6a3e8eb099ffc31639545dce
G - PINTURA E QUÍMICOS;ROLO LA 05 CM;1;0;AVULSO;ROLO LA 05 CM AVULSO;6a3e8eb099ffc31639545dce
G - PINTURA E QUÍMICOS;ROLO LA 09 CM;1;0;AVULSO;ROLO LA 09 CM AVULSO;6a3e8eb099ffc31639545dce
G - PINTURA E QUÍMICOS;ROLO LA 15 CM;1;0;AVULSO;ROLO LA 15 CM AVULSO;6a3e8eb099ffc31639545dce
G - PINTURA E QUÍMICOS;ROLO LA ANTI-RESPINGO 23CM S/CABO;1;0;AVULSO;ROLO LA ANTI-RESPINGO 23CM S/CABO AVULSO Roma;6a3e8eb099ffc31639545dce
G - PINTURA E QUÍMICOS;ROLO LA SINTETICA C/ CABO;1;0;AVULSO;ROLO LA SINTETICA C/ CABO AVULSO;6a3e8eb099ffc31639545dce
G - PINTURA E QUÍMICOS;ROLO TEXTURA 23CM S/CABO ROMA;1;0;AVULSO;ROLO TEXTURA 23CM S/CABO ROMA AVULSO Roma;6a3e8eb099ffc31639545dce
G - PINTURA E QUÍMICOS;SILICONE ACETICO BRANCO 250ML;1;0;250ML;SILICONE ACETICO BRANCO 250ML 250ML;6a3e8eb099ffc31639545dce
G - PINTURA E QUÍMICOS;SILICONE ACÉTICO INCOLOR 240G;1;0;AVULSO;SILICONE ACÉTICO INCOLOR 240G AVULSO;6a3e8eb099ffc31639545dce
G - PINTURA E QUÍMICOS;SILICONE ACETICO INCOLOR 50ML;1;0;50ML;SILICONE ACETICO INCOLOR 50ML 50ML;6a3e8eb099ffc31639545dce
G - PINTURA E QUÍMICOS;SILICONE PU40 TEKBOND BRANCO 310ML/364G;1;0;310ML;SILICONE PU40 TEKBOND BRANCO 310ML/364G 310ML Tekbond;6a3e8eb099ffc31639545dce
G - PINTURA E QUÍMICOS;THINNER;6;2;5L | 900 ML | 900ML;THINNER 5L;6a3e8eb099ffc31639545dce
G - PINTURA E QUÍMICOS;TINTA;66;33;(15 L) | (18 L) | (3,0L) | (3,6 L) | (3,6L) | (750 ML) | (900 ML);TINTA (15 L) ACR. FOSCO ECON. HIPERCOR BRANCO NEVE;6a3e8eb099ffc31639545dce
G - PINTURA E QUÍMICOS;TINTA ASFÁLTICA;1;1;01 L;TINTA ASFÁLTICA 01 L;6a3e8eb099ffc31639545dce
G - PINTURA E QUÍMICOS;TINTA SELADOR ACRÍLICO;3;2;AVULSO | GL;TINTA SELADOR ACRÍLICO AVULSO Iquine;6a3e8eb099ffc31639545dce
G - PINTURA E QUÍMICOS;TINTA SPRAY;11;0;300ML | 350ML | 360ML | 400ML | AVULSO;TINTA SPRAY 300ML Renner;6a3e8eb099ffc31639545dce
G - PINTURA E QUÍMICOS;VEDACIT;2;1;3,6 GL | 900 ML;VEDACIT 3,6 GL;6a3e8eb099ffc31639545dce
G - PINTURA E QUÍMICOS;VERNIZ;28;13;(3,0 L) | (3,6 L) | (750 ML) | (900 ML);VERNIZ (3,0 L) VERBRAS;6a3e8eb099ffc31639545dce
G - PINTURA E QUÍMICOS;XADREZ EM PÓ;7;0;250G;XADREZ EM PÓ 250G AMARELO;6a3e8eb099ffc31639545dce
H - ACABAMENTOS PARA ÁREAS MOLHADAS;ANEL VEDAÇÃO VASO SANITÁRIO;1;0;AVULSO;ANEL VEDAÇÃO VASO SANITÁRIO AVULSO;6a3e8eb034482830bdba461f
H - ACABAMENTOS PARA ÁREAS MOLHADAS;AQUECEDOR;1;1;127V / 5500W;AQUECEDOR 127V / 5500W VERSÁTIL;6a3e8eb034482830bdba461f
H - ACABAMENTOS PARA ÁREAS MOLHADAS;ASSENTO SANITARIO;1;0;ALMOFADADO;ASSENTO SANITARIO ALMOFADADO BRANCO;6a3e8eb034482830bdba461f
H - ACABAMENTOS PARA ÁREAS MOLHADAS;ASSENTO SANITÁRIO BÁSICO SOFT;1;1;SOFT;ASSENTO SANITÁRIO BÁSICO SOFT SOFT BRANCO;6a3e8eb034482830bdba461f
H - ACABAMENTOS PARA ÁREAS MOLHADAS;BOIA P/ CX'ÁGUA;2;1;1/2 E 3/4 | 1/2 E 3/4 CCG;BOIA P/ CX'ÁGUA 1/2 E 3/4;6a3e8eb034482830bdba461f
H - ACABAMENTOS PARA ÁREAS MOLHADAS;CAIXA D'ÁGUA;4;0;GREEN;CAIXA D'ÁGUA GREEN 1000L;6a3e8eb034482830bdba461f
H - ACABAMENTOS PARA ÁREAS MOLHADAS;CAIXA DE DESCARGA;1;1;SUSPENSA;CAIXA DE DESCARGA SUSPENSA 9L;6a3e8eb034482830bdba461f
H - ACABAMENTOS PARA ÁREAS MOLHADAS;CHUVEIRO;16;2;ELÉTRICO 127 V/ 5500W | PLASTICO | PLÁSTICO;CHUVEIRO ELÉTRICO 127 V/ 5500W ACQUA DUO;6a3e8eb034482830bdba461f
H - ACABAMENTOS PARA ÁREAS MOLHADAS;CHUVEIRO 8 COMBRAÇO 30CM S;1;0;PLÁSTICO;"CHUVEIRO 8 COMBRAÇO 30CM S PLÁSTICO 8""";6a3e8eb034482830bdba461f
H - ACABAMENTOS PARA ÁREAS MOLHADAS;CHUVEIRO ABS BRANCO;1;0;PLÁSTICO;"CHUVEIRO ABS BRANCO PLÁSTICO 8""";6a3e8eb034482830bdba461f
H - ACABAMENTOS PARA ÁREAS MOLHADAS;CHUVEIRO ELETRICO BR 3 TEMP 220V;1;0;3 TEMP 220V/5500W TRAMONTINA;CHUVEIRO ELETRICO BR 3 TEMP 220V 3 TEMP 220V/5500W TRAMONTINA;6a3e8eb034482830bdba461f
H - ACABAMENTOS PARA ÁREAS MOLHADAS;CHUVEIRO PLÁSTICO;1;0;PLÁSTICO;"CHUVEIRO PLÁSTICO PLÁSTICO 9""";6a3e8eb034482830bdba461f
H - ACABAMENTOS PARA ÁREAS MOLHADAS;CHUVEIRO PLASTICO CROMADO;1;0;"12"" X 1/2 ASTRA";"CHUVEIRO PLASTICO CROMADO 12"" X 1/2 ASTRA";6a3e8eb034482830bdba461f
H - ACABAMENTOS PARA ÁREAS MOLHADAS;"CHUVEIRO PVC 4"" S/REG";1;0;"4"" S/REG BRANCO REBOUÇAS";"CHUVEIRO PVC 4"" S/REG 4"" S/REG BRANCO REBOUÇAS";6a3e8eb034482830bdba461f
H - ACABAMENTOS PARA ÁREAS MOLHADAS;CHUVEIRO QUADRADO 15 X;1;0;15 X 15cm CROMADO;CHUVEIRO QUADRADO 15 X 15 X 15cm CROMADO;6a3e8eb034482830bdba461f
H - ACABAMENTOS PARA ÁREAS MOLHADAS;CHUVEIRO REDONDO;1;0;10cm CROMADO;CHUVEIRO REDONDO 10cm CROMADO;6a3e8eb034482830bdba461f
H - ACABAMENTOS PARA ÁREAS MOLHADAS;CUBA DE APOIO;8;0;CAPRI | MODENA BRANCA | NOVA BOLONHA BRANCA | RAVENA BRANCA | SOTTILE QUAD CALACATA GOLD | SOTTILE QUAD NERO | SOTTILE REDONDA BRANCA | VENEZA BRANCA;CUBA DE APOIO CAPRI JAPI;6a3e8eb034482830bdba461f
H - ACABAMENTOS PARA ÁREAS MOLHADAS;CUBA EMBUTIR COZINHA INOX TRAMONTINA AB;3;0;40X34X17 | 47X30X17 | 56X34X17;CUBA EMBUTIR COZINHA INOX TRAMONTINA AB 40X34X17;6a3e8eb034482830bdba461f
H - ACABAMENTOS PARA ÁREAS MOLHADAS;CUBA EMBUTIR COZINHA INOX TRAMONTINA AB 77X;1;0;77X45X15 (DUPLA);CUBA EMBUTIR COZINHA INOX TRAMONTINA AB 77X 77X45X15 (DUPLA);6a3e8eb034482830bdba461f
H - ACABAMENTOS PARA ÁREAS MOLHADAS;DUCHA HIGIENICA;1;1;J4;DUCHA HIGIENICA J4 JAPI;6a3e8eb034482830bdba461f
H - ACABAMENTOS PARA ÁREAS MOLHADAS;ENGATE FLEX PVC C/ ANEL;1;0;60CM;ENGATE FLEX PVC C/ ANEL 60CM;6a3e8eb034482830bdba461f
H - ACABAMENTOS PARA ÁREAS MOLHADAS;ENGATE FLEXIVEL TRANÇADO;1;0;1794 C18 DN1 60 CM;ENGATE FLEXIVEL TRANÇADO 1794 C18 DN1 60 CM;6a3e8eb034482830bdba461f
H - ACABAMENTOS PARA ÁREAS MOLHADAS;GRELHA INOX;2;2;QUADRADA | REDONDA;GRELHA INOX QUADRADA 1790 C19 100MM;6a3e8eb034482830bdba461f
H - ACABAMENTOS PARA ÁREAS MOLHADAS;MICTORIO SIFAO BARI;1;1;AVULSO;MICTORIO SIFAO BARI AVULSO;6a3e8eb034482830bdba461f
H - ACABAMENTOS PARA ÁREAS MOLHADAS;PARAFUSO P/ASSENTO SANITARIO;1;0;AVULSO;PARAFUSO P/ASSENTO SANITARIO AVULSO;6a3e8eb034482830bdba461f
H - ACABAMENTOS PARA ÁREAS MOLHADAS;PIA BANHEIRO LOGASA C/COLUNA 47x42,5;1;1;47X42;PIA BANHEIRO LOGASA C/COLUNA 47x42,5 47X42;6a3e8eb034482830bdba461f
H - ACABAMENTOS PARA ÁREAS MOLHADAS;PIA PLASTICA ASTRA 8LTS 50X40CM;1;0;AVULSO;PIA PLASTICA ASTRA 8LTS 50X40CM AVULSO;6a3e8eb034482830bdba461f
H - ACABAMENTOS PARA ÁREAS MOLHADAS;PIA TRAMONTINA AÇO INOX 01CUBA;2;1;105X52 | 120X52;PIA TRAMONTINA AÇO INOX 01CUBA 105X52 Tramontina;6a3e8eb034482830bdba461f
H - ACABAMENTOS PARA ÁREAS MOLHADAS;RALO SIMPLES REDONDO - REBOUCAS;1;1;AVULSO;RALO SIMPLES REDONDO - REBOUCAS AVULSO;6a3e8eb034482830bdba461f
H - ACABAMENTOS PARA ÁREAS MOLHADAS;REGISTRO;5;0;1/2 | 3/4 | AVULSO;REGISTRO 1/2;6a3e8eb034482830bdba461f
H - ACABAMENTOS PARA ÁREAS MOLHADAS;TANQUE DECORALITA MARMOFIBRA DUPLO 102X50;1;0;102X50;TANQUE DECORALITA MARMOFIBRA DUPLO 102X50 102X50;6a3e8eb034482830bdba461f
H - ACABAMENTOS PARA ÁREAS MOLHADAS;TORNEIRA;22;5;1/2 | AVULSO | BIC MOV | DN15 | DN15 BICA MÓVEL;TORNEIRA 1/2;6a3e8eb034482830bdba461f
H - ACABAMENTOS PARA ÁREAS MOLHADAS;TORNEIRA DE MESA;11;7;AVULSO | BICA MÓVEL | DN15 | DN15 BICA MÓVEL;TORNEIRA DE MESA AVULSO;6a3e8eb034482830bdba461f
H - ACABAMENTOS PARA ÁREAS MOLHADAS;TORNEIRA MONOCOMANDO;1;1;AVULSO;TORNEIRA MONOCOMANDO AVULSO;6a3e8eb034482830bdba461f
H - ACABAMENTOS PARA ÁREAS MOLHADAS;TORNEIRA P/ JARDIM;3;0;1/2 | 3/4;TORNEIRA P/ JARDIM 1/2;6a3e8eb034482830bdba461f
H - ACABAMENTOS PARA ÁREAS MOLHADAS;TORNEIRA P/ LAVATÓRIO;10;7;AVULSO | DN15 | DN15 BICA MÓVEL;TORNEIRA P/ LAVATÓRIO AVULSO;6a3e8eb034482830bdba461f
H - ACABAMENTOS PARA ÁREAS MOLHADAS;VALVULA;7;2;P/ PIA AMERICANA | P/ TANQUE | PRATIKA PARA CUBA - DN32 BRANCA | PRATIKA PARA CUBA - DN32 CROMADA | V8 P/ LAVATORIO;VALVULA P/ PIA AMERICANA 3.1/2';6a3e8eb034482830bdba461f
H - ACABAMENTOS PARA ÁREAS MOLHADAS;"VALVULA PLASTICA DE POCO 1.1/2""";1;1;"1.1/2""";"VALVULA PLASTICA DE POCO 1.1/2"" 1.1/2"" ASTRA";6a3e8eb034482830bdba461f
H - ACABAMENTOS PARA ÁREAS MOLHADAS;"VALVULA PLASTICA DE POCO 1.1/4""";1;1;"1.1/4""";"VALVULA PLASTICA DE POCO 1.1/4"" 1.1/4"" ASTRA";6a3e8eb034482830bdba461f
H - ACABAMENTOS PARA ÁREAS MOLHADAS;"VALVULA PLASTICA DE POCO 1""";1;1;"1""";"VALVULA PLASTICA DE POCO 1"" 1"" ASTRA";6a3e8eb034482830bdba461f
H - ACABAMENTOS PARA ÁREAS MOLHADAS;"VALVULA PLASTICA DE POCO 3/4""";1;1;"3/4""";"VALVULA PLASTICA DE POCO 3/4"" 3/4"" ASTRA";6a3e8eb034482830bdba461f
H - ACABAMENTOS PARA ÁREAS MOLHADAS;VASO SANITARIO;2;0;CAIXA ACOPLADA | CONVENCIONAL;VASO SANITARIO CAIXA ACOPLADA PARATI;6a3e8eb034482830bdba461f
I - ILUMINAÇÃO E ACABAMENTOS;BOCAL;1;1;DE PORCELANA;BOCAL DE PORCELANA;6a3e8eb138a6454305cc2d82
I - ILUMINAÇÃO E ACABAMENTOS;INTERRUPTOR;3;1;1 TECLA | 2 TECLA | 3TECLAS ILUMI;INTERRUPTOR 1 TECLA MECTRONIC;6a3e8eb138a6454305cc2d82
I - ILUMINAÇÃO E ACABAMENTOS;INTERRUPTOR + TOMADA;1;1;10A;INTERRUPTOR + TOMADA 10A BRANCA;6a3e8eb138a6454305cc2d82
I - ILUMINAÇÃO E ACABAMENTOS;INTERRUPTOR + TOMADA BRANCA 20A;1;0;20A;INTERRUPTOR + TOMADA BRANCA 20A 20A BRANCA;6a3e8eb138a6454305cc2d82
I - ILUMINAÇÃO E ACABAMENTOS;INTERRUPTOR 2TECLAS;1;1;2TECLAS TRAMONTINA LUX;INTERRUPTOR 2TECLAS 2TECLAS TRAMONTINA LUX;6a3e8eb138a6454305cc2d82
I - ILUMINAÇÃO E ACABAMENTOS;INTERRUPTOR 3TECLAS;1;1;3TECLAS ROMAZI 10A;INTERRUPTOR 3TECLAS 3TECLAS ROMAZI 10A;6a3e8eb138a6454305cc2d82
I - ILUMINAÇÃO E ACABAMENTOS;LAMPADA FLUORESCENTE TUBOLAR;2;0;20W | 40W;LAMPADA FLUORESCENTE TUBOLAR 20W;6a3e8eb138a6454305cc2d82
I - ILUMINAÇÃO E ACABAMENTOS;LAMPADA LED;11;1;BULBO | CILINDRICA | T8;LAMPADA LED BULBO 6500K;6a3e8eb138a6454305cc2d82
I - ILUMINAÇÃO E ACABAMENTOS;LUMINÁRIA LED;15;12;P/EMBUTIR 6500K | P/SOBREPOR 6500K | TATARTARUGA 6500K;LUMINÁRIA LED P/EMBUTIR 6500K QUAD;6a3e8eb138a6454305cc2d82
I - ILUMINAÇÃO E ACABAMENTOS;NICHO EMBUTIR CINZA URBANO 30X60;1;0;30X60;NICHO EMBUTIR CINZA URBANO 30X60 30X60;6a3e8eb138a6454305cc2d82
I - ILUMINAÇÃO E ACABAMENTOS;PLAFON PLASTICO BRANCO;1;0;AVULSO;PLAFON PLASTICO BRANCO AVULSO;6a3e8eb138a6454305cc2d82
I - ILUMINAÇÃO E ACABAMENTOS;PLAFON PLASTICO PRETO;1;0;AVULSO;PLAFON PLASTICO PRETO AVULSO;6a3e8eb138a6454305cc2d82
I - ILUMINAÇÃO E ACABAMENTOS;PLUG FEMEA 2P + T;1;1;AVULSO;PLUG FEMEA 2P + T AVULSO;6a3e8eb138a6454305cc2d82
I - ILUMINAÇÃO E ACABAMENTOS;PLUG MACHO 10A;1;0;AVULSO;PLUG MACHO 10A AVULSO;6a3e8eb138a6454305cc2d82
I - ILUMINAÇÃO E ACABAMENTOS;PLUG ROSCAVEL 1;1;1;AVULSO;PLUG ROSCAVEL 1 AVULSO;6a3e8eb138a6454305cc2d82
I - ILUMINAÇÃO E ACABAMENTOS;PLUG ROSCAVEL 1 1/2;1;0;1/2;PLUG ROSCAVEL 1 1/2 1/2;6a3e8eb138a6454305cc2d82
I - ILUMINAÇÃO E ACABAMENTOS;PLUG ROSCAVEL 1 1/4;1;0;1/4;PLUG ROSCAVEL 1 1/4 1/4;6a3e8eb138a6454305cc2d82
I - ILUMINAÇÃO E ACABAMENTOS;PLUG ROSCAVEL 1/2;1;0;1/2;PLUG ROSCAVEL 1/2 1/2;6a3e8eb138a6454305cc2d82
I - ILUMINAÇÃO E ACABAMENTOS;PLUG ROSCAVEL 3/4;1;0;3/4;PLUG ROSCAVEL 3/4 3/4;6a3e8eb138a6454305cc2d82
I - ILUMINAÇÃO E ACABAMENTOS;RESISTENCIA 755-E AQUECEDOR VERSATIL 127;1;1;AVULSO;RESISTENCIA 755-E AQUECEDOR VERSATIL 127 AVULSO;6a3e8eb138a6454305cc2d82
I - ILUMINAÇÃO E ACABAMENTOS;RESITENCIA 3065-I LOREN SHOWER ULTRA;1;1;AVULSO;RESITENCIA 3065-I LOREN SHOWER ULTRA AVULSO;6a3e8eb138a6454305cc2d82
I - ILUMINAÇÃO E ACABAMENTOS;SPOT LED;4;4;03W 3000K | 03W 6500K | 06W 3000K | 06W 6500K;SPOT LED 03W 3000K;6a3e8eb138a6454305cc2d82
I - ILUMINAÇÃO E ACABAMENTOS;TOMADA;8;0;10A DUPLA | 10A SIMPLES | 20A DUPLA | 20A SIMPLES;TOMADA 10A DUPLA ARIA;6a3e8eb138a6454305cc2d82
J - FERRAMENTAS E CONSUMÍVEIS;ABRAÇADEIRAS NYLON (PAC 50 PCS);4;2;2,5X100MM | 2,5X150MM | 2,5X200MM | 3,6X300MM;ABRAÇADEIRAS NYLON (PAC 50 PCS) 2,5X100MM;6a3e8eb11356280265886fbe
J - FERRAMENTAS E CONSUMÍVEIS;ALICATE;3;0;BICO LONGO | CORTE DIAGONAL | NIVELAMENTO DE REVESTIMENTO;"ALICATE BICO LONGO 6""";6a3e8eb11356280265886fbe
J - FERRAMENTAS E CONSUMÍVEIS;ARCO DE SERRA;1;0;STANDARD;ARCO DE SERRA STANDARD;6a3e8eb11356280265886fbe
J - FERRAMENTAS E CONSUMÍVEIS;ARMADOR DE REDE;2;0;P/ CHUMBAR | P/ MADEIRA;ARMADOR DE REDE P/ CHUMBAR;6a3e8eb11356280265886fbe
J - FERRAMENTAS E CONSUMÍVEIS;BALDE PLÁSTICO P/ CONCRETO;1;0;12 LTS;BALDE PLÁSTICO P/ CONCRETO 12 LTS;6a3e8eb11356280265886fbe
J - FERRAMENTAS E CONSUMÍVEIS;BARRA ROSCADA ZINCADA;3;0;3/16' | 3/8' | 5/16';BARRA ROSCADA ZINCADA 3/16';6a3e8eb11356280265886fbe
J - FERRAMENTAS E CONSUMÍVEIS;BOTA;3;0;No 38 | No 40 | No 41;BOTA No 38;6a3e8eb11356280265886fbe
J - FERRAMENTAS E CONSUMÍVEIS;BOTÃO ACIONAMENTO P/CX ACOPLADA;1;1;ASTRA;BOTÃO ACIONAMENTO P/CX ACOPLADA ASTRA;6a3e8eb11356280265886fbe
J - FERRAMENTAS E CONSUMÍVEIS;BROXA RETANGULAR PLASTICA;2;0;GRANDE | MÉDIA;BROXA RETANGULAR PLASTICA GRANDE;6a3e8eb11356280265886fbe
J - FERRAMENTAS E CONSUMÍVEIS;BUCHA PLÁSTICA;3;0;S-10 | S-6 | S-8;BUCHA PLÁSTICA S-10;6a3e8eb11356280265886fbe
J - FERRAMENTAS E CONSUMÍVEIS;CABO DE MADEIRA;1;0;P/ ENXADA X 1,20M;CABO DE MADEIRA P/ ENXADA X 1,20M;6a3e8eb11356280265886fbe
J - FERRAMENTAS E CONSUMÍVEIS;CAPACETE DE SEGURANÇA;1;0;BRANCO;CAPACETE DE SEGURANÇA BRANCO;6a3e8eb11356280265886fbe
J - FERRAMENTAS E CONSUMÍVEIS;CARRINHO DE MÃO;1;0;PNEU MACIÇO;CARRINHO DE MÃO PNEU MACIÇO;6a3e8eb11356280265886fbe
J - FERRAMENTAS E CONSUMÍVEIS;CHAVE DE FENDA;1;0;1/4 X 8;CHAVE DE FENDA 1/4 X 8 DISMA;6a3e8eb11356280265886fbe
J - FERRAMENTAS E CONSUMÍVEIS;CINTA ERGONÔMICA;1;1;M;CINTA ERGONÔMICA M;6a3e8eb11356280265886fbe
J - FERRAMENTAS E CONSUMÍVEIS;CINTO FERRAMENTAS;1;0;AVULSO;CINTO FERRAMENTAS AVULSO;6a3e8eb11356280265886fbe
J - FERRAMENTAS E CONSUMÍVEIS;COLA BRANCA;3;0;CAZCOREZ | IQUINE | UNIPEGA;COLA BRANCA CAZCOREZ 500G;6a3e8eb11356280265886fbe
J - FERRAMENTAS E CONSUMÍVEIS;COLA CONTATO;1;0;30G POLYPLAC;COLA CONTATO 30G POLYPLAC;6a3e8eb11356280265886fbe
J - FERRAMENTAS E CONSUMÍVEIS;COLA INSTANTÂNEA;1;0;20g;COLA INSTANTÂNEA 20g;6a3e8eb11356280265886fbe
J - FERRAMENTAS E CONSUMÍVEIS;COLHER DE PEDREIRO;4;0;10 | 7 | 8 | 9;COLHER DE PEDREIRO 10;6a3e8eb11356280265886fbe
J - FERRAMENTAS E CONSUMÍVEIS;CONCERTINA;2;1;300 MM X 8M | 450MM X  10M;CONCERTINA 300 MM X 8M MORLAN;6a3e8eb11356280265886fbe
J - FERRAMENTAS E CONSUMÍVEIS;CONJUNTO FIXAÇÃO P;1;1;AVULSO;CONJUNTO FIXAÇÃO P AVULSO;6a3e8eb11356280265886fbe
J - FERRAMENTAS E CONSUMÍVEIS;CUNHA ESPAÇADOR NIVELAMENTO (50PÇS);1;0;AVULSO;CUNHA ESPAÇADOR NIVELAMENTO (50PÇS) AVULSO;6a3e8eb11356280265886fbe
J - FERRAMENTAS E CONSUMÍVEIS;DESEMPENADEIRA;5;0;AÇO | MADEIRA | PLASTICA;DESEMPENADEIRA AÇO DENTADA;6a3e8eb11356280265886fbe
J - FERRAMENTAS E CONSUMÍVEIS;DESEMPENADEIRA PLASTICA;1;0;17 X 30;DESEMPENADEIRA PLASTICA 17 X 30;6a3e8eb11356280265886fbe
J - FERRAMENTAS E CONSUMÍVEIS;DISCO CORTE AÇO INOX 04,5;1;0;5 X 1;DISCO CORTE AÇO INOX 04,5 5 X 1;6a3e8eb11356280265886fbe
J - FERRAMENTAS E CONSUMÍVEIS;DISCO CORTE FERRO 04,5 X;1;0;5 X 1;DISCO CORTE FERRO 04,5 X 5 X 1;6a3e8eb11356280265886fbe
J - FERRAMENTAS E CONSUMÍVEIS;DISCO CORTE FERRO 07,0 X;1;0;0 X 1;DISCO CORTE FERRO 07,0 X 0 X 1;6a3e8eb11356280265886fbe
J - FERRAMENTAS E CONSUMÍVEIS;DISCO DE CORTE;7;0;INOX | P/ CERÊMICA DIAMANTADO LISO | P/ CONCRETO - SEGMENTADO | P/ MADEIRA | P/ PORCELANATO | TURBO;"DISCO DE CORTE INOX 4"" 1/2'";6a3e8eb11356280265886fbe
J - FERRAMENTAS E CONSUMÍVEIS;DISCO DE CORTE INOX 7X;1;0;INOX;DISCO DE CORTE INOX 7X INOX 7'';6a3e8eb11356280265886fbe
J - FERRAMENTAS E CONSUMÍVEIS;"DISCO DESBASTE 7""";1;0;AVULSO;"DISCO DESBASTE 7"" AVULSO";6a3e8eb11356280265886fbe
J - FERRAMENTAS E CONSUMÍVEIS;DUREPOX;2;0;100G | 50G;DUREPOX 100G;6a3e8eb11356280265886fbe
J - FERRAMENTAS E CONSUMÍVEIS;ESCADA METALICA;2;0;5 DEGRAUS (ABERTA 1,16 MT) | 7 DEGRAUS (ABERTA 1,54 MT);ESCADA METALICA 5 DEGRAUS (ABERTA 1,16 MT);6a3e8eb11356280265886fbe
J - FERRAMENTAS E CONSUMÍVEIS;ESCÁPULA;1;0;No 10;ESCÁPULA No 10;6a3e8eb11356280265886fbe
J - FERRAMENTAS E CONSUMÍVEIS;ESPATULA;4;0;METÁLICA;ESPATULA METÁLICA 06 CM;6a3e8eb11356280265886fbe
J - FERRAMENTAS E CONSUMÍVEIS;ESPÁTULA;3;0;PLÁSTICA C/ CABO | S/CABO PLASTICA P/MASSA;ESPÁTULA PLÁSTICA C/ CABO 7X12.5  CM;6a3e8eb11356280265886fbe
J - FERRAMENTAS E CONSUMÍVEIS;ESPONJA EM BLOCO P/ ACABAMENTOS;2;0;05 X 12 X 18 CM | 06 X 13 X 22 CM;ESPONJA EM BLOCO P/ ACABAMENTOS 05 X 12 X 18 CM;6a3e8eb11356280265886fbe
J - FERRAMENTAS E CONSUMÍVEIS;ESQUADRO;1;0;"10""";"ESQUADRO 10""";6a3e8eb11356280265886fbe
J - FERRAMENTAS E CONSUMÍVEIS;ESTILETE;1;0;AVULSO;ESTILETE AVULSO;6a3e8eb11356280265886fbe
J - FERRAMENTAS E CONSUMÍVEIS;FACÃO;1;0;"22""";"FACÃO 22"" TRAMONTINA";6a3e8eb11356280265886fbe
J - FERRAMENTAS E CONSUMÍVEIS;FELTROS PROTETORES;1;0;REDONDOS;FELTROS PROTETORES REDONDOS ADELBRAS;6a3e8eb11356280265886fbe
J - FERRAMENTAS E CONSUMÍVEIS;FERRO COVA;1;0;AVULSO;FERRO COVA AVULSO;6a3e8eb11356280265886fbe
J - FERRAMENTAS E CONSUMÍVEIS;FITA ALTA TENSÃO;1;0;5M;FITA ALTA TENSÃO 5M;6a3e8eb11356280265886fbe
J - FERRAMENTAS E CONSUMÍVEIS;FITA AUTOADERENTE;3;3;10 CM | 15 CM | 20 CM;FITA AUTOADERENTE 10 CM KIMANTA;6a3e8eb11356280265886fbe
J - FERRAMENTAS E CONSUMÍVEIS;FITA CREPE;6;2;18MM X 50M | 24MM X 40M | 24MM X 50M | 48MM X40M;FITA CREPE 18MM X 50M 3M;6a3e8eb11356280265886fbe
J - FERRAMENTAS E CONSUMÍVEIS;FITA DUPLA FACE;1;0;12MMX2M;FITA DUPLA FACE 12MMX2M ADELBRAS;6a3e8eb11356280265886fbe
J - FERRAMENTAS E CONSUMÍVEIS;FITA ISOLANTE;3;1;05MT | 10MT | 20MT;FITA ISOLANTE 05MT;6a3e8eb11356280265886fbe
J - FERRAMENTAS E CONSUMÍVEIS;FITA SILVER TAPE;1;1;48MM X 25M;FITA SILVER TAPE 48MM X 25M TEKBOND;6a3e8eb11356280265886fbe
J - FERRAMENTAS E CONSUMÍVEIS;FITA VEDA ROSCA;3;0;18MM X 10M | 18MM X 25M | 18MM X 50M;FITA VEDA ROSCA 18MM X 10M;6a3e8eb11356280265886fbe
J - FERRAMENTAS E CONSUMÍVEIS;FITA ZEBRADA;2;1;100M | 50M;FITA ZEBRADA 100M;6a3e8eb11356280265886fbe
J - FERRAMENTAS E CONSUMÍVEIS;FIXA A VACUO;1;0;2PC - FISHER;FIXA A VACUO 2PC - FISHER;6a3e8eb11356280265886fbe
J - FERRAMENTAS E CONSUMÍVEIS;GANCHOS ADESIVOS REMOVIVEIS;1;0;ADELBRAS;GANCHOS ADESIVOS REMOVIVEIS ADELBRAS;6a3e8eb11356280265886fbe
J - FERRAMENTAS E CONSUMÍVEIS;GARFO P/ ROLO;1;0;23 CM;GARFO P/ ROLO 23 CM;6a3e8eb11356280265886fbe
J - FERRAMENTAS E CONSUMÍVEIS;GRAMPO P/CERCA;1;0;1 X 9 GERDAU;GRAMPO P/CERCA 1 X 9 GERDAU;6a3e8eb11356280265886fbe
J - FERRAMENTAS E CONSUMÍVEIS;LAPIS CARPINTEIRO IRWIN;1;1;AVULSO;LAPIS CARPINTEIRO IRWIN AVULSO;6a3e8eb11356280265886fbe
J - FERRAMENTAS E CONSUMÍVEIS;LIMA TRIANGULAR SERROTE;1;0;AVULSO;LIMA TRIANGULAR SERROTE AVULSO;6a3e8eb11356280265886fbe
J - FERRAMENTAS E CONSUMÍVEIS;LINHA DE PEDREIRO;1;1;100 M;LINHA DE PEDREIRO 100 M;6a3e8eb11356280265886fbe
J - FERRAMENTAS E CONSUMÍVEIS;LINHA DE PEDREIRO 50M;1;0;50 M;LINHA DE PEDREIRO 50M 50 M;6a3e8eb11356280265886fbe
J - FERRAMENTAS E CONSUMÍVEIS;LINHA PEDREIRO- UNIFIO 100M;1;0;100M;LINHA PEDREIRO- UNIFIO 100M 100M;6a3e8eb11356280265886fbe
J - FERRAMENTAS E CONSUMÍVEIS;LIXA;27;0;D'AGUA | MULTIUSO | P/ FERRO | P/ MADEIRA;LIXA D'AGUA G 036;6a3e8eb11356280265886fbe
J - FERRAMENTAS E CONSUMÍVEIS;LUBRIFICANTE SECO GRAFITE CHEMICOLOR;1;0;AVULSO;LUBRIFICANTE SECO GRAFITE CHEMICOLOR AVULSO;6a3e8eb11356280265886fbe
J - FERRAMENTAS E CONSUMÍVEIS;LUVA;5;0;SOLDÁVEL;LUVA SOLDÁVEL 32 MM;6a3e8eb11356280265886fbe
J - FERRAMENTAS E CONSUMÍVEIS;LUVA ALGODÃO;2;0;BRANCA | PRETA;LUVA ALGODÃO BRANCA;6a3e8eb11356280265886fbe
J - FERRAMENTAS E CONSUMÍVEIS;LUVA LATEX;2;0;AMARELA;LUVA LATEX AMARELA G;6a3e8eb11356280265886fbe
J - FERRAMENTAS E CONSUMÍVEIS;LUVA RASPA C/ REFORÇO M/G;1;1;AVULSO;LUVA RASPA C/ REFORÇO M/G AVULSO;6a3e8eb11356280265886fbe
J - FERRAMENTAS E CONSUMÍVEIS;MACHADO;1;0;AVULSO;MACHADO AVULSO;6a3e8eb11356280265886fbe
J - FERRAMENTAS E CONSUMÍVEIS;MÃO FRANCESA;3;0;15X20 | 35X45 | 38X28;MÃO FRANCESA 15X20;6a3e8eb11356280265886fbe
J - FERRAMENTAS E CONSUMÍVEIS;MARRETA OITAVADA 1,50KG C/CABO;1;0;1,50KG;MARRETA OITAVADA 1,50KG C/CABO 1,50KG;6a3e8eb11356280265886fbe
J - FERRAMENTAS E CONSUMÍVEIS;MARRETA OITAVADA 3KG C/CABO MOMFORT;1;0;3KG;MARRETA OITAVADA 3KG C/CABO MOMFORT 3KG;6a3e8eb11356280265886fbe
J - FERRAMENTAS E CONSUMÍVEIS;MARTELO;6;0;BORRACHA | TRADICIONAL;MARTELO BORRACHA 40 MM;6a3e8eb11356280265886fbe
J - FERRAMENTAS E CONSUMÍVEIS;ÓCULOS SEGURANÇA TRANSPARENTES;1;0;AVULSO;ÓCULOS SEGURANÇA TRANSPARENTES AVULSO;6a3e8eb11356280265886fbe
J - FERRAMENTAS E CONSUMÍVEIS;PA BICO C/CABO;1;0;AVULSO;PA BICO C/CABO AVULSO;6a3e8eb11356280265886fbe
J - FERRAMENTAS E CONSUMÍVEIS;PA QUADRADA C/CABO;1;0;AVULSO;PA QUADRADA C/CABO AVULSO;6a3e8eb11356280265886fbe
J - FERRAMENTAS E CONSUMÍVEIS;PENEIRA P/AREIA ARO 50;1;0;AVULSO;PENEIRA P/AREIA ARO 50 AVULSO;6a3e8eb11356280265886fbe
J - FERRAMENTAS E CONSUMÍVEIS;PINCEL 1;1;1;AVULSO;PINCEL 1 AVULSO;6a3e8eb11356280265886fbe
J - FERRAMENTAS E CONSUMÍVEIS;PINCEL 1 1/2;1;1;1/2;PINCEL 1 1/2 1/2;6a3e8eb11356280265886fbe
J - FERRAMENTAS E CONSUMÍVEIS;PINCEL 1/2;1;0;1/2;PINCEL 1/2 1/2;6a3e8eb11356280265886fbe
J - FERRAMENTAS E CONSUMÍVEIS;PINCEL 2;1;1;AVULSO;PINCEL 2 AVULSO;6a3e8eb11356280265886fbe
J - FERRAMENTAS E CONSUMÍVEIS;PINCEL 2 1/2;1;1;1/2;PINCEL 2 1/2 1/2;6a3e8eb11356280265886fbe
J - FERRAMENTAS E CONSUMÍVEIS;PINCEL 3;1;1;AVULSO;PINCEL 3 AVULSO;6a3e8eb11356280265886fbe
J - FERRAMENTAS E CONSUMÍVEIS;PINCEL 3/4;1;0;3/4;PINCEL 3/4 3/4;6a3e8eb11356280265886fbe
J - FERRAMENTAS E CONSUMÍVEIS;PINCEL 4;1;1;AVULSO;PINCEL 4 AVULSO;6a3e8eb11356280265886fbe
J - FERRAMENTAS E CONSUMÍVEIS;PINCEL PBRANCO ARTESANATO ROMA No.04;1;0;AVULSO;PINCEL PBRANCO ARTESANATO ROMA No.04 AVULSO Roma;6a3e8eb11356280265886fbe
J - FERRAMENTAS E CONSUMÍVEIS;PINCEL PLANO ARTESANATO ROMA No.02;1;0;AVULSO;PINCEL PLANO ARTESANATO ROMA No.02 AVULSO Roma;6a3e8eb11356280265886fbe
J - FERRAMENTAS E CONSUMÍVEIS;PLUG ADAPTADOR C/ PINO 2P+T;2;0;AVULSO;PLUG ADAPTADOR C/ PINO 2P+T AVULSO Perlex;6a3e8eb11356280265886fbe
J - FERRAMENTAS E CONSUMÍVEIS;PREGO;13;5;1 X 15 | 1.1/2 X 14 | 1.1/2 X 15 | 2 X 10 | 2 X 11 | 2.1/2 X 10 | 2.1/2 X 11 | 3 X 09 | 3 X 10 | 3.1/2 X 09 | 3.1/2 X 10 | 4 X 06 | 5 X 05;PREGO 1 X 15;6a3e8eb11356280265886fbe
J - FERRAMENTAS E CONSUMÍVEIS;PREGO TELHEIRO;1;1;2.1/2 X 10;PREGO TELHEIRO 2.1/2 X 10;6a3e8eb11356280265886fbe
J - FERRAMENTAS E CONSUMÍVEIS;PREGOS ACO TEMPERADO 10X10MM;1;0;AVULSO;PREGOS ACO TEMPERADO 10X10MM AVULSO;6a3e8eb11356280265886fbe
J - FERRAMENTAS E CONSUMÍVEIS;PROTETOR AURICULAR;1;1;AVULSO;PROTETOR AURICULAR AVULSO;6a3e8eb11356280265886fbe
J - FERRAMENTAS E CONSUMÍVEIS;PRUMO HOBBY CENTRO 300G;1;1;AVULSO;PRUMO HOBBY CENTRO 300G AVULSO;6a3e8eb11356280265886fbe
J - FERRAMENTAS E CONSUMÍVEIS;PRUMO PAREDE HOBBY RAMADA 3854;1;1;AVULSO;PRUMO PAREDE HOBBY RAMADA 3854 AVULSO;6a3e8eb11356280265886fbe
J - FERRAMENTAS E CONSUMÍVEIS;RÉGUA PEDREIRO 2 M;1;0;2 M;RÉGUA PEDREIRO 2 M 2 M;6a3e8eb11356280265886fbe
J - FERRAMENTAS E CONSUMÍVEIS;RÉGUA PEDREIRO 3 M;1;0;3 M;RÉGUA PEDREIRO 3 M 3 M;6a3e8eb11356280265886fbe
J - FERRAMENTAS E CONSUMÍVEIS;REGULADOR P/GAS MANGUEIRA;1;1;AVULSO;REGULADOR P/GAS MANGUEIRA AVULSO;6a3e8eb11356280265886fbe
J - FERRAMENTAS E CONSUMÍVEIS;ROLO ESPUMA 05 CM;1;0;AVULSO;ROLO ESPUMA 05 CM AVULSO;6a3e8eb11356280265886fbe
J - FERRAMENTAS E CONSUMÍVEIS;ROLO ESPUMA 09 CM;1;0;AVULSO;ROLO ESPUMA 09 CM AVULSO;6a3e8eb11356280265886fbe
J - FERRAMENTAS E CONSUMÍVEIS;ROLO ESPUMA 15 CM;1;0;AVULSO;ROLO ESPUMA 15 CM AVULSO;6a3e8eb11356280265886fbe
J - FERRAMENTAS E CONSUMÍVEIS;ROLO ESPUMA 23 CM;1;0;AVULSO;ROLO ESPUMA 23 CM AVULSO;6a3e8eb11356280265886fbe
J - FERRAMENTAS E CONSUMÍVEIS;SACA FIBRA;1;0;AVULSO;SACA FIBRA AVULSO;6a3e8eb11356280265886fbe
J - FERRAMENTAS E CONSUMÍVEIS;SERRA MANUAL FLEXIVEL STARRETT;1;1;AVULSO;SERRA MANUAL FLEXIVEL STARRETT AVULSO;6a3e8eb11356280265886fbe
J - FERRAMENTAS E CONSUMÍVEIS;"SERROTE 20""";1;0;AVULSO;"SERROTE 20"" AVULSO";6a3e8eb11356280265886fbe
J - FERRAMENTAS E CONSUMÍVEIS;SUPORTE MANGUEIRA VERDE;1;0;AVULSO;SUPORTE MANGUEIRA VERDE AVULSO;6a3e8eb11356280265886fbe
J - FERRAMENTAS E CONSUMÍVEIS;"TALHADEIRA CHATA 12""";1;1;AVULSO;"TALHADEIRA CHATA 12"" AVULSO";6a3e8eb11356280265886fbe
J - FERRAMENTAS E CONSUMÍVEIS;"TALHADEIRA CHATA 8""";1;1;AVULSO;"TALHADEIRA CHATA 8"" AVULSO";6a3e8eb11356280265886fbe
J - FERRAMENTAS E CONSUMÍVEIS;TRENA 3M;1;0;3M;TRENA 3M 3M;6a3e8eb11356280265886fbe
J - FERRAMENTAS E CONSUMÍVEIS;TRENA 5MT;1;0;AVULSO;TRENA 5MT AVULSO;6a3e8eb11356280265886fbe
J - FERRAMENTAS E CONSUMÍVEIS;VASSOURA METAL 180 ARAME REG;1;0;AVULSO;VASSOURA METAL 180 ARAME REG AVULSO;6a3e8eb11356280265886fbe