codigo;lote;motivo;nome_original;nome_actual_db;status;ativo
49S-08P;1;Material básico;SEIXO;SEIXO A GRANEL;colapsado;true
5AE-0MX;1;Torneira por uso;TORNEIRA DE MESA PARA LAVATORIO BICA MOVEL CROMADA DN15;TORNEIRA P/ LAVATÓRIO DN15 BICA MÓVEL Roma;colapsado;true
1O7-2GY;1;Nome curto + apresentação;NOVA RAZ 260 5L;NOVA RAZ 260 5L 5L;colapsado;true
LSZ-65P;1;Perfil PVC + comprimento;PERFIL DE PVC COLONIAL BRANCO 06M #G;PERFIL PVC COLONIAL 06 M;colapsado;true
JCB-KJ5;1;Produto avulso — revisar depois;QUADRO DE DISTRIBUIÇÃO 12 - TRIAL;QUADRO DISTRIBUIÇÃO 12 - TRIAL AVULSO;colapsado;true
P85-O76;1;Torneira por uso;TORNEIRA 2877 C70 MONOCOMANDO WATERFALL;TORNEIRA MONOCOMANDO AVULSO;colapsado;true
E6M-3SX;1;Perfil PVC + comprimento;PERFIL DE PVC U 06M #G;PERFIL PVC U 06 M;colapsado;true
IB2-73R;1;Registro + medida;REGISTRO ESF LATAO 3/4PASS PLENA #12(*);REGISTRO 3/4;colapsado;true
6V9-XI0;1;Tinta/verniz: produto + volume;SELADOR ACRILICO - GL;TINTA SELADOR ACRÍLICO GL;colapsado;true
LXE-85B;1;Perfil PVC + comprimento;PERFIL DE PVC H 06M #G;PERFIL PVC 06 M;colapsado;true
R2C-HIW;1;Nome curto + apresentação;RALO SIMPLES QUADRADO 100X52X40 - KRONA;RALO SIMPLES QUADRADO 100X52X40 - 100X52X40;colapsado;true
SV7-Q22;1;Torneira por uso;TORNEIRA BICA MOVEL MESA 1156 SHK ABS;TORNEIRA DE MESA BICA MÓVEL;colapsado;true
XR1-ZRK;1;Produto avulso — revisar depois;PONTALETE GALVANIZADO LEVE BIFASICO 3 MT;PONTALETE GALVANIZADO LEVE BIFASICO 3 AVULSO;colapsado;true
K9O-WKV;1;Produto avulso — revisar depois;REGULADOR P/GAS COM MANGUEIRA;REGULADOR P/GAS MANGUEIRA AVULSO;colapsado;true
0E4-4JI;1;Torneira por uso;TORNEIRA BICA MÓVEL MESA SHB ABS 1/4 DE VOLTA DN15;TORNEIRA DE MESA DN15 BICA MÓVEL;colapsado;true
9ES-MWX;1;Torneira por uso;TORNEIRA DE PAREDE PARA LAVATORIO CROMADA DN15 › 1178P61;TORNEIRA P/ LAVATÓRIO DN15 Roma;colapsado;true
02Q-PPC;1;Registro + medida;REGISTRO GAVETA LATAO 3/4 (*);REGISTRO 3/4;colapsado;true
Z28-TGZ;1;Iluminação;SPOT LED AUXILIAR PEQUENO 03W QUAD 6500K;SPOT LED 03W 6500K;colapsado;true
PXF-N4V;1;Torneira por uso;TORNEIRA PARA TANQUE OU MAQUINA DE LAVAR J4 DN15;TORNEIRA DN15;colapsado;true
C0S-3C9;1;Produto avulso — revisar depois;LAPIS DE CARPINTEIRO IRWIN;LAPIS CARPINTEIRO IRWIN AVULSO;colapsado;true
3HY-WE8;1;Massa/argamassa: produto + apresentação;MANTA LÍQUIDA PRETA 3,6 KG QUARTZOLIT - GL;MANTA LÍQUIDA 6 KG Quartzolit;colapsado;true
P2O-L4L;1;Torneira por uso;TORNEIRA (PURIFICADOR) ACQUA DUE MESA;TORNEIRA DE MESA AVULSO;colapsado;true
ICB-42A;1;Nome curto + apresentação;RESISTENCIA 3065 ACQUA ULTRA 127/5500;RESISTENCIA 3065 ACQUA ULTRA 127/5500 127/5500;colapsado;true
0UA-0IH;1;Nome curto + apresentação;NIPEL ROSCAVEL 1/2;NIPEL ROSCAVEL 1/2 1/2;colapsado;true
5C4-IXK;1;Registro + medida;REGISTRO PRESSAO J4 DN20;REGISTRO PRESSÃO 20;colapsado;true
A3I-Q2G;1;Produto avulso — revisar depois;RESITENCIA 3065-I LOREN SHOWER ULTRA 127 V/ 5500 W;RESITENCIA 3065-I LOREN SHOWER ULTRA AVULSO;colapsado;true
HQP-C8A;1;Produto avulso — revisar depois;MICTORIO COM SIFAO BARI;MICTORIO SIFAO BARI AVULSO;colapsado;true
0JH-QC6;1;Registro + medida;REGISTRO ESFERA PLASTICO 40MM SOLDAVEL - VEPS140;REGISTRO ESFERA 40MM;colapsado;true
XDT-AZ2;1;Registro + medida;REGISTRO PRESSAO J4 DN15;REGISTRO PRESSÃO 15;colapsado;true
DSM-KP4;1;Torneira por uso;TORNEIRA BICA MOVEL PARA LAVATORIO J4 DN15;TORNEIRA P/ LAVATÓRIO DN15 BICA MÓVEL;colapsado;true
29C-UHG;1;Tinta/verniz: produto + volume;SELADOR P/ MADEIRA INCOLOR IQUINE - GL;TINTA SELADOR ACRÍLICO GL Iquine;colapsado;true
MCV-42T;1;Nome curto + apresentação;RESISTENCIA 3060A 127/5500 DUOSHOW/FUT;RESISTENCIA 3060A 127/5500 DUOSHOW/FUT 127/5500;colapsado;true
G21-LEK;1;Nome curto + apresentação;CONECTOR P/HASTE ATERRAM.1/2 TAF;CONECTOR P/HASTE ATERRAM.1/2 TAF 1/2;colapsado;true
4T1-52O;1;Torneira por uso;TORNEIRA (PURIFICADOR) ACQUA BELLA MESA;TORNEIRA DE MESA AVULSO;colapsado;true
2AX-V8I;1;Torneira por uso;TORNEIRA (PURIFICADOR) ACQUA BELLA PAREDE;TORNEIRA AVULSO;colapsado;true
1KL-WNB;1;Registro + medida;REGISTRO ESF LATAO 2 PASS PLENA #2(*);REGISTRO AVULSO;colapsado;true
VU4-HEU;1;Registro + medida;REGISTRO ESFERA PLASTICO 60MM SOLDAVEL - VEPS160;REGISTRO ESFERA 60MM;colapsado;true
J10-DXC;1;Produto avulso — revisar depois;RESISTENCIA 3055-Q 127V 5500W;RESISTENCIA 3055-Q 127V 5500W AVULSO;colapsado;true
MNG-PX8;1;Iluminação;SPOT LED AUXILIAR GRANDE 06W QUAD 6500K;SPOT LED 06W 6500K;colapsado;true
BKI-Z0Q;1;Registro + medida;REGISTRO ESFERA ROSCÁVEL METAL 1/2;REGISTRO ESFERA 1/2;colapsado;true
2W2-8W1;1;Torneira por uso;TORNEIRA P/LAVATORIO MESA PLASTICA BRANCA 1 DN15;TORNEIRA P/ LAVATÓRIO DN15;colapsado;true
YU6-OS4;1;Nome curto + apresentação;UNIAO ROSCAVEL 3/4;UNIAO ROSCAVEL 3/4 3/4;colapsado;true
71I-W47;1;Torneira por uso;TORNEIRA PARA LAVATORIO J4 DN15;TORNEIRA P/ LAVATÓRIO DN15;colapsado;true
RU6-NG6;1;Nome curto + apresentação;RESISTENCIA 3056E 127/5500 ELE ADVANCED/TOP;RESISTENCIA 3056E 127/5500 ELE ADVANCED/TOP 127/5500;colapsado;true
ZKK-T28;1;Nome curto + apresentação;PIA BANHEIRO LOGASA C/COLUNA 47x42,5 BRANCO;PIA BANHEIRO LOGASA C/COLUNA 47x42,5 47X42;colapsado;true
17Y-N2V;1;Conexão hidráulica;TUBO DESCARGA 40MM;TUBO ESGOTO 40 MM;colapsado;true
50K-KDC;1;Produto avulso — revisar depois;RESISTENCIA 755-E P/ AQUECEDOR VERSATIL 127 V / 5500W;RESISTENCIA 755-E AQUECEDOR VERSATIL 127 AVULSO;colapsado;true
BJY-X0P;1;Registro + medida;REGISTRO GAVETA LATAO 1/2 (*);REGISTRO 1/2;colapsado;true
9OT-T6T;1;Produto avulso — revisar depois;PINCEL 4;PINCEL 4 AVULSO;colapsado;true
Y5C-13A;1;Nome curto + apresentação;TAPA-FURO DE 20mm;TAPA-FURO 20mm 20mm;colapsado;true
THW-0LC;1;Nome curto + apresentação;TAPA-FURO DE 25mm;TAPA-FURO 25mm 25mm;colapsado;true
Z32-Y6P;1;Conexão hidráulica;TE ESGOTO 100MM;TE ESGOTO 100 MM;colapsado;true
KG3-BSR;1;Torneira por uso;TORNEIRA BICA MÓVEL MESA LAVATÓRIO SHB ABS 1/4 DE VOLTA DN15;TORNEIRA DE MESA DN15 BICA MÓVEL;colapsado;true
13S-5TA;1;Tinta/verniz: produto + volume;TINTA ACABEMENTO CITYCOLOR (3,6 L) CIMENTO QUEIMADO;TINTA (3,6 L) Citycolor;colapsado;true
N2T-S3T;1;Nome curto + apresentação;RESISTENCIA 065 3T LORENULTRA 127/4600;RESISTENCIA 065 3T LORENULTRA 127/4600 127/4600;colapsado;true
LV0-IUR;1;Torneira por uso;TORNEIRA BICA MOV P/ PIA COZ MESA ABS BRANCA 1 DN15;TORNEIRA DE MESA DN15;colapsado;true
5CC-7CJ;1;Registro + medida;REGISTRO ESFERA PLASTICO 50MM SOLDAVEL - VEPS150;REGISTRO ESFERA 50MM;colapsado;true
V3Y-F18;1;Nome curto + apresentação;UNIAO ROSCAVEL 1/2;UNIAO ROSCAVEL 1/2 1/2;colapsado;true
YS0-WFH;1;Nome curto + apresentação;UNIAO ROSCAVEL 1 1/4;UNIAO ROSCAVEL 1 1/4 1/4;colapsado;true
ZAF-JZ3;1;Produto avulso — revisar depois;SERRA MANUAL FLEXIVEL STARRETT;SERRA MANUAL FLEXIVEL STARRETT AVULSO;colapsado;true
8MQ-FIS;1;Produto avulso — revisar depois;PLUG FEMEA 2P + T 10A;PLUG FEMEA 2P + T AVULSO;colapsado;true
YCF-12J;1;Massa/argamassa: produto + apresentação;MASSA CORRIDA (BD 20 KG) HIPERCOR #G;MASSA CORRIDA 20 KG Hipercor;colapsado;true
Z0E-VUO;1;Produto avulso — revisar depois;RALO SIMPLES REDONDO - REBOUCAS;RALO SIMPLES REDONDO - REBOUCAS AVULSO;colapsado;true
39E-AH5;1;Registro + medida;REPARO P/REGISTRO;REGISTRO AVULSO;colapsado;true
AAO-UL8;1;Produto avulso — revisar depois;SIFAO BRANCO;SIFAO BRANCO AVULSO;colapsado;true
X28-HFD;1;Conexão hidráulica;TE ESGOTO 50MM;TE ESGOTO 50 MM;colapsado;true
O0W-QOD;1;Registro + medida;REGISTRO ESFERA ROSCÁVEL METAL 1;REGISTRO ESFERA AVULSO;colapsado;true
YPK-P2E;1;Torneira por uso;TORNEIRA BICA MOV P/ LAVATORIO MESA ABS BRANCA 1 DN15;TORNEIRA P/ LAVATÓRIO DN15;colapsado;true
34N-6NP;1;Produto avulso — revisar depois;PRUMO PAREDE HOBBY RAMADA 3854;PRUMO PAREDE HOBBY RAMADA 3854 AVULSO;colapsado;true
3VQ-C1U;1;Produto avulso — revisar depois;PINCEL 3;PINCEL 3 AVULSO;colapsado;true
BL4-2TI;2;Conexão hidráulica;TE ESGOTO 75MM;TE ESGOTO 75 MM;colapsado;true
D7Q-QQ2;2;Iluminação;SPOT LED AUXILIAR PEQUENO 03W QUAD 3000K;SPOT LED 03W 3000K;colapsado;true
2VC-08A;2;Tinta/verniz: produto + volume;PINTURA ASFALTICA ACQUA 01 L;TINTA ASFÁLTICA 01 L;colapsado;true
58R-TJ7;2;Torneira por uso;TORNEIRA P/LAVATORIO MESA ABS 1/4 VOLTA DN15;TORNEIRA P/ LAVATÓRIO DN15;colapsado;true
2DD-8PK;2;Nome curto + apresentação;TAPA-FURO DE 50 MM;TAPA-FURO 50 MM 50 MM;colapsado;true
E55-9HQ;2;Registro + medida;REGISTRO ESFERA ROSCÁVEL INTERNA 1/2;REGISTRO ESFERA 1/2;colapsado;true
3RK-NAI;2;Torneira por uso;TORNEIRA MAQ/PAREDE CURTA 1/2;TORNEIRA 1/2;colapsado;true
191-IHY;2;Registro + medida;REGISTRO PRESSAO J2 DN20;REGISTRO PRESSÃO 20;colapsado;true
WO3-P8D;2;Nome curto + apresentação;UNIAO ROSCAVEL 1 1/2;UNIAO ROSCAVEL 1 1/2 1/2;colapsado;true
0FQ-TGE;2;Torneira por uso;TORNEIRA BIC MOV P/PIA COZ MESA ABS DN15;TORNEIRA DE MESA DN15;colapsado;true
FP8-JSG;2;Registro + medida;REGISTRO ESFERA ROSCÁVEL METAL 1 1/2;REGISTRO ESFERA 1/2;colapsado;true
Z97-NPR;2;Nome curto + apresentação;TAPA-FURO DE 32 MM;TAPA-FURO 32 MM 32 MM;colapsado;true
6TE-3PD;2;Torneira por uso;TORNEIRA FILTRO BEBEDOURO;TORNEIRA AVULSO;colapsado;true
TY1-L16;2;Registro + medida;REGISTRO ESFERA PLASTICO 32MM SOLDAVEL - VEPS132;REGISTRO ESFERA 32MM;colapsado;true
R8S-5V1;2;Nome curto + apresentação;PLACA CEGA 4X2;PLACA CEGA 4X2 4X2;colapsado;true
40B-9CN;2;Produto avulso — revisar depois;PLUG ROSCAVEL 1;PLUG ROSCAVEL 1 AVULSO;colapsado;true
9XM-2JM;2;Produto avulso — revisar depois;LUVA DE RASPA C/ REFORÇO M/G;LUVA RASPA C/ REFORÇO M/G AVULSO;colapsado;true
WX2-4P2;2;Nome curto + apresentação;NIPEL ROSCAVEL 3/4;NIPEL ROSCAVEL 3/4 3/4;colapsado;true
I11-YNG;2;Nome curto + apresentação;PINCEL 2 1/2;PINCEL 2 1/2 1/2;colapsado;true
XAR-W7A;2;Produto avulso — revisar depois;PROTETOR AURICULAR;PROTETOR AURICULAR AVULSO;colapsado;true
7UH-XAA;2;Massa/argamassa: produto + apresentação;MASSA ACRILICA (BD 4 KG) LUX #G;MASSA ACRÍLICA 4 KG Lux;colapsado;true
ZQ7-6MQ;2;Produto avulso — revisar depois;PINCEL 2;PINCEL 2 AVULSO;colapsado;true
QO0-PW5;2;Conexão hidráulica;TE ESGOTO 40MM;TE ESGOTO 40 MM;colapsado;true
3AM-Z6L;2;Nome curto + apresentação;PINCEL 1 1/2;PINCEL 1 1/2 1/2;colapsado;true
BJU-Y8R;2;Produto avulso — revisar depois;PRUMO HOBBY DE CENTRO 300G;PRUMO HOBBY CENTRO 300G AVULSO;colapsado;true
190-S7N;2;Produto avulso — revisar depois;PINCEL 1;PINCEL 1 AVULSO;colapsado;true
W70-3U1;2;Iluminação;SPOT LED AUXILIAR GRANDE 06W RED 3000K;SPOT LED 06W 3000K;colapsado;true
FF6-WZ9;2;Registro + medida;REGISTRO ESFERA PLASTICO 20MM SOLDAVEL - VEPS120;REGISTRO ESFERA 20MM;colapsado;true
HO6-RZ8;2;Nome curto + apresentação;NIPEL ROSCAVEL 1 1/2;NIPEL ROSCAVEL 1 1/2 1/2;colapsado;true
H05-FSM;2;Produto avulso — revisar depois;NIPEL ROSCAVEL 1;NIPEL ROSCAVEL 1 AVULSO;colapsado;true
BW8-DQR;2;Produto avulso — revisar depois;ANEL DE VEDAÇÃO P/ VASO SANITÁRIO;ANEL VEDAÇÃO VASO SANITÁRIO AVULSO;colapsado;true
NPH-H9H;2;Produto avulso — revisar depois;BOCA DE LOBO;BOCA LOBO AVULSO;colapsado;true
GI2-CPP;2;Produto avulso — revisar depois;CAIXA DE;CAIXA AVULSO;colapsado;true
H9D-I9B;2;Produto avulso — revisar depois;CAIXA DE STOP P/AR CONDICIONADO;CAIXA STOP P/AR CONDICIONADO AVULSO;colapsado;true
7RL-R5W;2;Produto avulso — revisar depois;CERAMICA A;CERAMICA AVULSO;colapsado;true
T9I-93U;2;Registro + medida;CHUVEIRO PVC COM REGISTRO;REGISTRO AVULSO;colapsado;true
DNG-4E9;2;Produto avulso — revisar depois;CINTO PARA FERRAMENTAS;CINTO FERRAMENTAS AVULSO;colapsado;true
R73-8OF;2;Produto avulso — revisar depois;CONJUNTO FIXAÇÃO P;CONJUNTO FIXAÇÃO P AVULSO;colapsado;true
T6T-JOG;2;Produto avulso — revisar depois;CUNHA P/ ESPAÇADOR NIVELAMENTO (50PÇS);CUNHA ESPAÇADOR NIVELAMENTO (50PÇS) AVULSO;colapsado;true
0L5-XFC;2;Nome curto + apresentação;DISCO DE CORTE P/ AÇO INOX 04,5 X 1/8;DISCO CORTE AÇO INOX 04,5 5 X 1;colapsado;true
EHU-HA8;2;Nome curto + apresentação;DISCO DE CORTE P/ FERRO 04,5 X 1/8 X 7/8;DISCO CORTE FERRO 04,5 X 5 X 1;colapsado;true
RXO-TL7;2;Nome curto + apresentação;DISCO DE CORTE P/ FERRO 07,0 X 1/8 X 7/8;DISCO CORTE FERRO 07,0 X 0 X 1;colapsado;true
EMZ-7RR;2;Produto avulso — revisar depois;ESTILETE;ESTILETE AVULSO;colapsado;true
6SR-F2F;2;Produto avulso — revisar depois;FERRO DE COVA;FERRO COVA AVULSO;colapsado;true
V61-Y2Z;2;Produto avulso — revisar depois;FRETE;FRETE AVULSO;colapsado;true
GCE-8D1;2;Produto avulso — revisar depois;KIT P/ PINTURA BANDEJA+CABO+ROLO;KIT PINTURA BANDEJA+CABO+ROLO AVULSO;colapsado;true
A33-5XE;2;Produto avulso — revisar depois;LIMA TRIANGULAR P/ SERROTE;LIMA TRIANGULAR SERROTE AVULSO;colapsado;true
WB7-OXF;2;Nome curto + apresentação;LINHA DE PEDREIRO- UNIFIO 100M;LINHA PEDREIRO- UNIFIO 100M 100M;colapsado;true
Q4X-OJI;2;Produto avulso — revisar depois;LUBRIFICANTE A SECO GRAFITE CHEMICOLOR;LUBRIFICANTE SECO GRAFITE CHEMICOLOR AVULSO;colapsado;true
A6R-ELC;2;Produto avulso — revisar depois;MACHADO;MACHADO AVULSO;colapsado;true
W1X-SW3;2;Nome curto + apresentação;MANGUEIRA CRISTAL DE NIVEL 1/4;MANGUEIRA CRISTAL NIVEL 1/4 1/4;colapsado;true
9PZ-G3O;2;Nome curto + apresentação;MANGUEIRA P/ MAQUINA DE LAVAR 1,40M;MANGUEIRA MAQUINA LAVAR 1,40M 40M;colapsado;true
FP5-V05;2;Massa/argamassa: produto + apresentação;MANTA LÍQUIDA BRANCA 4,5KG QUARTZOLIT - GL;MANTA LÍQUIDA 5 KG Quartzolit;colapsado;true
016-94X;2;Nome curto + apresentação;MARRETA OITAVADA 1,50KG C/CABO;MARRETA OITAVADA 1,50KG C/CABO 1,50KG;colapsado;true
F99-KB2;2;Nome curto + apresentação;MARRETA OITAVADA 3KG C/CABO MOMFORT;MARRETA OITAVADA 3KG C/CABO MOMFORT 3KG;colapsado;true
0AL-8O3;2;Massa/argamassa: produto + apresentação;MASSA ACRILICA (BD 20 KG) LUX #G;MASSA ACRÍLICA 20 KG Lux;colapsado;true
65D-NS3;2;Massa/argamassa: produto + apresentação;MASSA ASFALTICA - GL;MASSA ASFÁLTICA GL;colapsado;true
GTU-H4G;2;Massa/argamassa: produto + apresentação;MASSA CORRIDA (BD 5 KG) HIPERCOR;MASSA CORRIDA 5 KG Hipercor;colapsado;true
G89-G92;2;Produto avulso — revisar depois;MECANISMO UNIVERSAL SUP;MECANISMO UNIVERSAL SUP AVULSO;colapsado;true
296-CRW;2;Nome curto + apresentação;NICHO EMBUTIR CINZA URBANO 30X60;NICHO EMBUTIR CINZA URBANO 30X60 30X60;colapsado;true
XM9-J8O;2;Produto avulso — revisar depois;ÓCULOS DE SEGURANÇA TRANSPARENTES;ÓCULOS SEGURANÇA TRANSPARENTES AVULSO;colapsado;true
421-C85;2;Produto avulso — revisar depois;PA DE BICO C/CABO;PA BICO C/CABO AVULSO;colapsado;true
W5O-DN4;2;Produto avulso — revisar depois;PA QUADRADA C/CABO;PA QUADRADA C/CABO AVULSO;colapsado;true
RVK-Q6J;2;Produto avulso — revisar depois;PARAFUSO P/ASSENTO SANITARIO;PARAFUSO P/ASSENTO SANITARIO AVULSO;colapsado;true
5RU-2RW;2;Produto avulso — revisar depois;PAVER HEXAGONAL;PAVER HEXAGONAL AVULSO;colapsado;true
9SN-VEG;2;Produto avulso — revisar depois;PAVER RETANG. 10,00 CM LARG X 20,00 CM COMP X 08,00 CM ESPES;PAVER RETANG. 10,00 CM LARG AVULSO;colapsado;true
RT1-3TP;2;Produto avulso — revisar depois;PENEIRA P/AREIA ARO 50;PENEIRA P/AREIA ARO 50 AVULSO;colapsado;true
4W9-RW2;2;Produto avulso — revisar depois;PIA PLASTICA ASTRA 8LTS 50X40CM BRANCO;PIA PLASTICA ASTRA 8LTS 50X40CM AVULSO;colapsado;true
FCL-PD3;2;Nome curto + apresentação;PINCEL 1/2;PINCEL 1/2 1/2;colapsado;true
BKP-1JE;2;Produto avulso — revisar depois;PLAFON PLASTICO PRETO;PLAFON PLASTICO PRETO AVULSO;colapsado;true
899-UNV;2;Nome curto + apresentação;PLASTILON PVC 6M ARAFORROS;PLASTILON PVC 6M ARAFORROS 6M;colapsado;false
W05-F32;2;Produto avulso — revisar depois;PLUG ADAPTADOR C/ PINO 2P+T 157 PERLEX (UNIVERSAL);PLUG ADAPTADOR C/ PINO 2P+T AVULSO Perlex;colapsado;true
NQQ-YM9;3;Produto avulso — revisar depois;PLUG MACHO 10A;PLUG MACHO 10A AVULSO;colapsado;true
I2O-4DJ;3;Nome curto + apresentação;PLUG ROSCAVEL 1 1/2;PLUG ROSCAVEL 1 1/2 1/2;colapsado;true
51U-AVM;3;Nome curto + apresentação;PLUG ROSCAVEL 1 1/4;PLUG ROSCAVEL 1 1/4 1/4;colapsado;true
1AF-XNZ;3;Nome curto + apresentação;PLUG ROSCAVEL 1/2;PLUG ROSCAVEL 1/2 1/2;colapsado;true
O53-OT9;3;Nome curto + apresentação;PLUG ROSCAVEL 3/4;PLUG ROSCAVEL 3/4 3/4;colapsado;true
3HN-RAN;3;Produto avulso — revisar depois;PONTALETE GALVANIZADO LEVE MONOFÁSICO 3;PONTALETE GALVANIZADO LEVE MONOFÁSICO 3 AVULSO;colapsado;true
L0L-B7T;3;Nome curto + apresentação;PORCELENATO 60X120 SAFIRA MATE OXIDO #L #F;PORCELENATO 60X120 SAFIRA MATE OXIDO 60X120;colapsado;true
9C8-BY4;3;Nome curto + apresentação;PORTA MADEIRA 0,80 X 2,10;PORTA MADEIRA 0,80 X 2,10 80 X 2;colapsado;true
VE3-568;3;Nome curto + apresentação;PORTA MDF FRISADA 0,80 X 2,10;PORTA MDF FRISADA 0,80 X 80 X 2;colapsado;true
0YM-46O;3;Nome curto + apresentação;PORTA MDF LISA 0,80 X 2,10;PORTA MDF LISA 0,80 X 80 X 2;colapsado;true
RZD-4CB;3;Produto avulso — revisar depois;PREGOS ACO TEMPERADO 10X10MM;PREGOS ACO TEMPERADO 10X10MM AVULSO;colapsado;true
RD0-IAB;3;Produto avulso — revisar depois;Produto EXEMPLO  - CHECAGEM -;Produto EXEMPLO - CHECAGEM - AVULSO;colapsado;true
S8U-WCF;3;Produto avulso — revisar depois;QUADRO DE DISTRIBUIÇÃO 16 - KRONA;QUADRO DISTRIBUIÇÃO 16 - KRONA AVULSO;colapsado;true
CGC-39G;3;Nome curto + apresentação;QUADRO DE DISTRIBUIÇÃO 9/6 - MECTRONIC;QUADRO DISTRIBUIÇÃO 9/6 - MECTRONIC 9/6;colapsado;true
EPA-7CM;3;Produto avulso — revisar depois;QUADRO DE DISTRIBUIÇÃO PARA EMBUTIR 12 PÓLOS - S/ BARRAMENTO;QUADRO DISTRIBUIÇÃO EMBUTIR 12 PÓLOS AVULSO;colapsado;true
COA-F09;3;Nome curto + apresentação;RALO CX SINF C/SAIDA ARTICULADA QUADRADO 100X100X50 - KRONA;RALO CX SINF C/SAIDA ARTICULADA 100X100X50;colapsado;true
S5Z-3PF;3;Registro + medida;REGISTRO ESFEERA SOLDAVEL 60MM PVC;REGISTRO 60MM;colapsado;true
WNR-CI9;3;Registro + medida;REGISTRO ESFERA PLAST 25MM SOLDAVEL - VEPS125;REGISTRO ESFERA 25MM;colapsado;true
U8D-260;3;Registro + medida;REGISTRO ESFERA PLASTICO 25MM SOLDAVEL - VEPS125;REGISTRO ESFERA 25MM;colapsado;true
LQ7-MUY;3;Registro + medida;REGISTRO ESFERA PLASTICO 40MM SOLDAVEL - VEPS140;REGISTRO ESFERA 40MM;colapsado;true
TBN-RG2;3;Registro + medida;REGISTRO ESFERA ROSCÁVEL INTERNA 3/4 DIV;REGISTRO ESFERA 3/4;colapsado;true
ZJA-9CU;3;Registro + medida;REGISTRO ESFERA SOLDÁVEL 20MM PVC;REGISTRO ESFERA 20MM;colapsado;true
F0D-5LW;3;Registro + medida;REGISTRO ESFERA SOLDÁVEL 25MM PVC;REGISTRO ESFERA 25MM;colapsado;true
G9D-HYN;3;Registro + medida;REGISTRO HERC P/MAQ LAVAR BR 1/2;REGISTRO 1/2;colapsado;true
34Z-LW8;3;Registro + medida;REGISTRO HERC PRESSÃO ROSC C/CANOPLA 1/2;REGISTRO PRESSÃO 1/2;colapsado;true
TJH-S7T;3;Registro + medida;REGISTRO PARA CHUVEIRO BRANCO 1/2;REGISTRO 1/2;colapsado;true
QS4-PSR;3;Registro + medida;REGISTRO PARA CHUVEIRO BRANCO 1/2;REGISTRO 1/2;colapsado;true
FHQ-02Z;3;Registro + medida;REGISTRO PARA CHUVEIRO BRANCO 3/4;REGISTRO 3/4;colapsado;true
44J-C1D;3;Registro + medida;REGISTRO PARA CHUVEIROBRANCO 3/4;REGISTRO 3/4;colapsado;true
DRA-98G;3;Registro + medida;REGISTRO PRESSAO J2 DN15;REGISTRO PRESSÃO 15;colapsado;true
E1K-1HU;3;Registro + medida;REGISTRO ROSCÁVEL HERC EXTERNA 20MM;REGISTRO 20MM;colapsado;true
NOB-34A;3;Registro + medida;REGISTRO ROSCÁVEL HERC EXTERNA 25MM;REGISTRO 25MM;colapsado;true
DN0-8DH;3;Nome curto + apresentação;RÉGUA PEDREIRO 2 M;RÉGUA PEDREIRO 2 M 2 M;colapsado;true
0R4-XH1;3;Nome curto + apresentação;RÉGUA PEDREIRO 3 M;RÉGUA PEDREIRO 3 M 3 M;colapsado;true
8T0-BZ8;3;Produto avulso — revisar depois;REGULADOR P/GAS SEM MANGUEIRA;REGULADOR P/GAS SEM MANGUEIRA AVULSO;colapsado;true
0MM-9Y1;3;Produto avulso — revisar depois;REGULADOR P/GAS SEM MANGUEIRA;REGULADOR P/GAS SEM MANGUEIRA AVULSO;colapsado;true
9B7-5P3;3;Produto avulso — revisar depois;ROLO DE ESPUMA 05 CM;ROLO ESPUMA 05 CM AVULSO;colapsado;true
5CS-T74;3;Produto avulso — revisar depois;ROLO DE ESPUMA 09 CM;ROLO ESPUMA 09 CM AVULSO;colapsado;true
PHT-U2K;3;Produto avulso — revisar depois;ROLO DE ESPUMA PROF 15CM;ROLO ESPUMA PROF 15CM AVULSO;colapsado;true
Y90-TQH;3;Produto avulso — revisar depois;ROLO DE LA  05 CM;ROLO LA 05 CM AVULSO;colapsado;true
PMV-947;3;Produto avulso — revisar depois;ROLO DE LA  09 CM;ROLO LA 09 CM AVULSO;colapsado;true
GIG-51F;3;Produto avulso — revisar depois;ROLO DE LA 15 CM;ROLO LA 15 CM AVULSO;colapsado;true
FD0-O28;3;Produto avulso — revisar depois;ROLO DE LA SINTETICA C/ CABO 23CM CONDOR;ROLO LA SINTETICA C/ CABO AVULSO;colapsado;true
MX7-JWJ;3;Produto avulso — revisar depois;SACA DE FIBRA;SACA FIBRA AVULSO;colapsado;true
D9R-QDT;3;Produto avulso — revisar depois;SIFAO PLASBOHN DUPLO;SIFAO PLASBOHN DUPLO AVULSO;colapsado;true
8CO-JNC;3;Nome curto + apresentação;SILICONE ACETICO BRANCO 250ML;SILICONE ACETICO BRANCO 250ML 250ML;colapsado;true
J2V-RAX;3;Produto avulso — revisar depois;SILICONE ACÉTICO INCOLOR 240G;SILICONE ACÉTICO INCOLOR 240G AVULSO;colapsado;true
PY9-T2U;3;Nome curto + apresentação;SILICONE ACETICO INCOLOR 50ML;SILICONE ACETICO INCOLOR 50ML 50ML;colapsado;true
YRA-P7A;3;Produto avulso — revisar depois;SUPORTE PARA MANGUEIRA VERDE;SUPORTE MANGUEIRA VERDE AVULSO;colapsado;true
8Y2-OTO;3;Nome curto + apresentação;TANQUE DECORALITA MARMOFIBRA DUPLO 102X50 MARROM IMPERIAL;TANQUE DECORALITA MARMOFIBRA DUPLO 102X50 102X50;colapsado;true
68S-F0X;3;Conexão hidráulica;TE ESGOTO 100MM X 50MM;TE ESGOTO 100 MM;colapsado;true
OAV-P8T;3;Conexão hidráulica;TE ESGOTO 150MM;TE ESGOTO 150 MM;colapsado;true
SF1-94T;3;Nome curto + apresentação;TELA PARA MOSQUITEIRO VERDE 1,20 X 50;TELA MOSQUITEIRO VERDE 1,20 X 20 X 50;colapsado;true
9RL-L6C;3;Nome curto + apresentação;TELA PARA MOSQUITO VERDE 1,00 X 50,00;TELA MOSQUITO VERDE 1,00 X 00 X 50;colapsado;true
KOK-ML9;3;Nome curto + apresentação;TELA PARA MOSQUITO VERDE 1,50 X 50;TELA MOSQUITO VERDE 1,50 X 50 X 50;colapsado;true
JGW-WK2;3;Nome curto + apresentação;TIJOLO 18x19;TIJOLO 18x19 18X19;colapsado;true
E61-M3X;3;Produto avulso — revisar depois;TIJOLO DE VIDRO;TIJOLO VIDRO AVULSO;colapsado;true
CQQ-94S;3;Tinta/verniz: produto + volume;TINTA SPRAY COLORGIN 360ML - AZUL MÉDIO;TINTA SPRAY 360ML Colorgin;colapsado;true
QNO-L9U;3;Tinta/verniz: produto + volume;TINTA SPRAY COLORGIN 360ML - BRANCO FOSCO;TINTA SPRAY 360ML Colorgin;colapsado;true
C68-B27;3;Tinta/verniz: produto + volume;TINTA SPRAY COLORGIN 360ML INZA;TINTA SPRAY 360ML Colorgin;colapsado;true
W7B-J1X;3;Tinta/verniz: produto + volume;TINTA SPRAY COLORGIN 400ML - ALUMÍNIO;TINTA SPRAY 400ML Colorgin;colapsado;true
21U-HET;3;Tinta/verniz: produto + volume;TINTA SPRAY COLORGIN 400ML - VIOLETA;TINTA SPRAY 400ML Colorgin;colapsado;true
0O3-730;3;Tinta/verniz: produto + volume;TINTA SPRAY RENNER 300ML - AZUL OCEANO;TINTA SPRAY 300ML Renner;colapsado;true
DS5-5KZ;3;Tinta/verniz: produto + volume;TINTA SPRAY TEKBOND 350ML - BEGE;TINTA SPRAY 350ML Tekbond;colapsado;true
3KY-7R7;3;Tinta/verniz: produto + volume;TINTA SPRAY TEKBOND 350ML - ROSA;TINTA SPRAY 350ML Tekbond;colapsado;true
8U7-7RA;4;Tomada: amperagem + linha;TOMADA SOBREPOR 10A INTERNEED;TOMADA 10A SIMPLES;colapsado;true
ZFG-Q25;4;Torneira por uso;TORNEIRA (PURIFICADOR) ACQUA DUE PAREDE;TORNEIRA AVULSO;colapsado;true
F8M-1O5;4;Torneira por uso;TORNEIRA BIC MOV P/ PIA COZ PAREDE ABS DN15;TORNEIRA DN15;colapsado;true
TG8-MQR;4;Torneira por uso;TORNEIRA BICA MOV P/ LAVAT MESA ABS TUBO CURVO DN15;TORNEIRA DE MESA DN15;colapsado;true
W4U-OGT;4;Torneira por uso;TORNEIRA BICA MOVEL DE MESA PIA/COZINHA J4 DN15;TORNEIRA DE MESA DN15 BICA MÓVEL;colapsado;true
11D-153;4;Torneira por uso;TORNEIRA BICA MOVEL DE PAREDE  PIA/COZINHA J4 DN15;TORNEIRA DN15 BICA MÓVEL;colapsado;true
DRS-M0Q;4;Torneira por uso;TORNEIRA BICA MOVEL MESA LAV 1195 SHK;TORNEIRA DE MESA BICA MÓVEL;colapsado;true
VV9-MRR;4;Torneira por uso;TORNEIRA BICA MÓVEL PAREDE SHB ABS 1/4 DE VOLTA DN15;TORNEIRA DN15 BICA MÓVEL;colapsado;true
M0Y-YQZ;4;Torneira por uso;TORNEIRA BICA MOVEL TIPO U IHP DN15;TORNEIRA DN15 BICA MÓVEL;colapsado;true
JMH-O79;4;Torneira por uso;TORNEIRA DE MESA PARA COZINHA CROMADA DN15;TORNEIRA DE MESA DN15 Roma;colapsado;true
WOD-507;4;Torneira por uso;TORNEIRA DE PAREDE PARA COZINHA CROMADA DN15;TORNEIRA DN15 Roma;colapsado;true
VQ4-F7P;4;Torneira por uso;TORNEIRA ESF P/JARDIM MET 1/2;TORNEIRA P/ JARDIM 1/2;colapsado;true
82P-AN1;4;Torneira por uso;TORNEIRA GR P/LAVATORIO PLAST BRANCA 1 DN15;TORNEIRA P/ LAVATÓRIO DN15;colapsado;true
OWB-EI4;4;Torneira por uso;TORNEIRA JARDIM/PAREDE PRETO  3/4;TORNEIRA P/ JARDIM 3/4;colapsado;true
95S-Y0H;4;Torneira por uso;TORNEIRA P/LAVATORIO MESA ABS BRANCA SHB;TORNEIRA P/ LAVATÓRIO AVULSO;colapsado;true
820-9W1;4;Torneira por uso;TORNEIRA P/LAVATORIO MESA ACAB AQUILA COM AREJADOR ARTICULAD;TORNEIRA P/ LAVATÓRIO AVULSO;colapsado;true
OM3-A0I;4;Torneira por uso;TORNEIRA PLASTICA COZINHA ALAVANCA 1/2;TORNEIRA 1/2;colapsado;true
HVM-PV2;4;Torneira por uso;TORNEIRA PLASTICA P/LAVATÓRIO 1/2;TORNEIRA 1/2;colapsado;true
6MV-4A0;4;Torneira por uso;TORNEIRA PLASTICA PIA/LONGA COM CHUVEIRINHO 1/2;TORNEIRA 1/2;colapsado;true
303-DVF;4;Torneira por uso;TORNEIRA PLASTICA TANQUE CURTA COM CHUVEIRINHO 1/2;TORNEIRA 1/2;colapsado;true
U63-RGG;4;Torneira por uso;TORNEIRA TANQUE/PAREDE 15CM 1/2 HERC;TORNEIRA 1/2;colapsado;true
NUP-7QS;4;Torneira por uso;TORNEIRA TANQUE/PAREDE BRANCA  CROSS10 CM 1/2;TORNEIRA 1/2;colapsado;true
IMN-IN8;4;Torneira por uso;TORNEIRA TANQUE/PAREDE BRANCA 15CM  1/2;TORNEIRA 1/2;colapsado;true
BK6-DME;4;Torneira por uso;TORNEIRA TANQUE/PAREDE C/ALAVANCA 15 CM 1/2;TORNEIRA 1/2;colapsado;true
X9S-AEY;4;Produto avulso — revisar depois;TRENA  5MT;TRENA 5MT AVULSO;colapsado;true
J1L-291;4;Nome curto + apresentação;TRENA 3M;TRENA 3M 3M;colapsado;true
F0W-BAJ;4;Produto avulso — revisar depois;UNIAO ROSCAVEL 1;UNIAO ROSCAVEL 1 AVULSO;colapsado;true
ZTL-1BK;4;Produto avulso — revisar depois;VASSOURA METAL 180 ARAME REG C/ CABO;VASSOURA METAL 180 ARAME REG AVULSO;colapsado;true
91J-T83;4;Nome curto + apresentação;KIT P/ ASSENTAMENTO DE PORTA (MARCO+VISTA) 0,8 X 2,10 M;KIT ASSENTAMENTO PORTA (MARCO+VISTA) 0,8 8 X 2;colapsado;true
I4Z-LYJ;4;Massa/argamassa: produto + apresentação;MASSA ACRILICA (BD 5 KG) HIPERCOR;MASSA ACRÍLICA 5 KG Hipercor;colapsado;true
QDC-4CM;4;Nome curto + apresentação;PINCEL 3/4;PINCEL 3/4 3/4;colapsado;true
HTY-5R9;4;Produto avulso — revisar depois;RALO SIMPLES QUADRADO - SOCEL;RALO SIMPLES QUADRADO - SOCEL AVULSO;colapsado;true
IHS-86X;4;Registro + medida;REGISTRO ESFERA PLASTICO 32MM SOLDAVEL - VEPS132;REGISTRO ESFERA 32MM;colapsado;true
W11-5BF;4;Registro + medida;REGISTRO ESFERA ROSCÁVEL METAL 3/4;REGISTRO ESFERA 3/4;colapsado;true
3HY-OH3;4;Revestimento + formato;REV. 7,5X15 LINHA SOFT BRANCO (1,00m²/ CX)   #M;REVESTIMENTO 5X15;colapsado;true
J25-VCG;4;Produto avulso — revisar depois;ROLO DE ESPUMA 15 CM;ROLO ESPUMA 15 CM AVULSO;colapsado;true
4KW-7YB;4;Torneira por uso;TORNEIRA JARDIM/PAREDE PRETO  1/2;TORNEIRA P/ JARDIM 1/2;colapsado;true
2PW-UIM;4;Tinta/verniz: produto + volume;TINTA SPRAY METÁLICA - DOURADO;TINTA SPRAY AVULSO;colapsado;true
S69-W4Q;4;Tinta/verniz: produto + volume;TINTA SPRAY METÁLICA - PRATA;TINTA SPRAY AVULSO;colapsado;true
SVB-HW8;4;Torneira por uso;TORNEIRA PLASTICA TANQUE CURTA 10CM 1/2;TORNEIRA 1/2;colapsado;true
S24-9LG;4;Massa/argamassa: produto + apresentação;MASSA CORRIDA (BD 4 KG) LUX #G;MASSA CORRIDA 4 KG Lux;colapsado;true
E6N-9FB;4;Tinta/verniz: produto + volume;TINTA SPRAY TEKBOND 350ML - GRAFITE;TINTA SPRAY 350ML Tekbond;colapsado;true
SXM-3DO;4;Produto avulso — revisar depois;PLAFON PLASTICO BRANCO;PLAFON PLASTICO BRANCO AVULSO;colapsado;true
67O-V56;4;Registro + medida;REGISTRO ESFERA PLAST 20MM SOLDAVEL - VEPS120;REGISTRO ESFERA 20MM;colapsado;true
POH-R93;4;Produto avulso — revisar depois;ROLO DE ESPUMA 23 CM;ROLO ESPUMA 23 CM AVULSO;colapsado;true
58D-Z6X;4;Massa/argamassa: produto + apresentação;MASSA CORRIDA (BD 20 KG) LUX #G;MASSA CORRIDA 20 KG Lux;colapsado;true
QYI-7MI;4;Perfil PVC + comprimento;PERFIL DE PVC F 06M #G;PERFIL PVC F 06 M;colapsado;true
2F6-DYM;4;Revestimento + formato;REV EKP 34X50 DINAMARCA MIX EXT (2.38M2);REVESTIMENTO 34X50;colapsado;true
ZL3-URI;1;Material básico;AREIA;AREIA;ok;true
I2H-1R0;1;Tinta/verniz: produto + volume;THINNER ANJO 2750 900ML;THINNER ANJO 2750 900ML;ok;true
77V-9SN;1;Tinta/verniz: produto + volume;THINNER ANJO 5L;THINNER ANJO 5L;ok;true
2FZ-SBM;2;Nome curto + apresentação;ISOLADOR TIPO ROLDANA 72 X 72MM;ISOLADOR TIPO ROLDANA 72 X 72MM;ok;true
8ST-MNF;3;Tinta/verniz: produto + volume;THINNER KING 900ML;THINNER KING 900ML;ok;true
JIP-SW4;3;Tinta/verniz: produto + volume;THINNER LUKSNOVA SUPER-EXTRA 206 5L;THINNER LUKSNOVA SUPER-EXTRA 206 5L;ok;true
P73-7FB;3;Tinta/verniz: produto + volume;THINNER LUKSNOVA SUPER-EXTRA 206 900 ML;THINNER LUKSNOVA SUPER-EXTRA 206 900 ML;ok;true
CDE-68I;3;Tinta/verniz: produto + volume;THINNER LUKSNOVA SUPER-EXTRA 237 5L;THINNER LUKSNOVA SUPER-EXTRA 237 5L;ok;true
V7M-ZMJ;3;Tinta/verniz: produto + volume;THINNER LUKSNOVA SUPER-EXTRA 237 900 ML;THINNER LUKSNOVA SUPER-EXTRA 237 900 ML;ok;true
S4W-9FU;1;Nome curto + apresentação;TELHA ONDULADA GALVALUME GSP 0,66 X 2,44 M NORTFORT 0,6;TELHA ONDULADA GALVALUME GSP 0,66 66 X 2 Nortfort;nome_diferente;
W1L-1VW;1;Revestimento + formato;REV 34X50 EURO GALICIA MARROM EXT. (2,38 M2);REVESTIMENTO 34X50 GALICIA MARROM (2,38M²/ CX);nome_diferente;
I1F-GOK;1;Nome curto + apresentação;SIFAO METALICO DE 1.1/2 X 1.1/2;SIFAO METALICO 1.1/2" X 1.1/2" 1/2;nome_diferente;
9W0-FQI;1;Nome curto + apresentação;SIFAO METALICO DE 1.1/4 X 1.1/2;SIFAO METALICO 1.1/4" X 1.1/2" 1/4;nome_diferente;
95B-U2J;1;Massa/argamassa: produto + apresentação;MASSA ACRILICA (BD 20 KG) HIPERCOR;MASSA ACRÍLICA 20 KG HIPERCOR;nome_diferente;
JSJ-SA0;1;Nome curto + apresentação;PIA TRAMONTINA AÇO INOX 01CUBA 105X52;PIA TRAMONTINA AÇO INOX 01CUBA 105X52 Tramontina;nome_diferente;
H1T-TTY;1;Produto avulso — revisar depois;TALHADEIRA CHATA 12;TALHADEIRA CHATA 12" AVULSO;nome_diferente;
Z0Z-E1J;2;Produto avulso — revisar depois;TALHADEIRA CHATA  8;TALHADEIRA CHATA 8" AVULSO;nome_diferente;
P9H-7PB;2;Produto avulso — revisar depois;DISCO DE DESBASTE › 7;DISCO DESBASTE 7" AVULSO;nome_diferente;
JB9-55T;2;Nome curto + apresentação;LIMPADOR DE REJUNTE DIÁRIO QUARTZOLIT 500 ML;LIMPADOR REJUNTE DIÁRIO QUARTZOLIT 500 500 ML Quartzolit;nome_diferente;
916-3ZE;2;Nome curto + apresentação;PIA TRAMONTINA AÇO INOX 01CUBA 120X52;PIA TRAMONTINA AÇO INOX 01CUBA 120X52 Tramontina;nome_diferente;
6TH-J15;2;Produto avulso — revisar depois;PINCEL PBRANCO ARTESANATO ROMA No.04;PINCEL PBRANCO ARTESANATO ROMA No.04 AVULSO Roma;nome_diferente;
J4P-V3G;2;Produto avulso — revisar depois;PINCEL PLANO ARTESANATO ROMA No.02;PINCEL PLANO ARTESANATO ROMA No.02 AVULSO Roma;nome_diferente;
RAY-B40;2;Produto avulso — revisar depois;PLUG ADAPTADOR C/ PINO 2P+T 147 PERLEX;PLUG ADAPTADOR C/ PINO 2P+T AVULSO Perlex;nome_diferente;
0ZR-3E1;3;Nome curto + apresentação;PORTA-CADEADO ZINCADO 2.1/2;PORTA-CADEADO ZINCADO 2.1/2" 1/2;nome_diferente;
HPE-M3T;3;Nome curto + apresentação;PORTA-CADEADO ZINCADO 3.1/2;PORTA-CADEADO ZINCADO 3.1/2" 1/2;nome_diferente;
D0K-Z9G;3;Nome curto + apresentação;QUADRO DE DISTRIBUIÇAO 12/16 - TIGRE;QUADRO DISTRIBUIÇAO 12/16 - TIGRE 12/16 Tigre;nome_diferente;
HDO-AP8;3;Nome curto + apresentação;QUADRO DE DISTRIBUIÇÃO 3/4 - TIGRE;QUADRO DISTRIBUIÇÃO 3/4 - TIGRE 3/4 Tigre;nome_diferente;
DLI-E6N;3;Produto avulso — revisar depois;ROLO TEXTURA 23CM S/CABO ROMA;ROLO TEXTURA 23CM S/CABO ROMA AVULSO Roma;nome_diferente;
B26-D8C;3;Tinta/verniz: produto + volume;SELADOR P/ MADEIRA INCOLOR IQUINE - LT;TINTA SELADOR ACRÍLICO AVULSO Iquine;nome_diferente;
Z77-V3I;3;Produto avulso — revisar depois;SERROTE 20;SERROTE 20" AVULSO;nome_diferente;
HKW-483;3;Nome curto + apresentação;SILICONE PU40 TEKBOND BRANCO 310ML/364G;SILICONE PU40 TEKBOND BRANCO 310ML/364G 310ML Tekbond;nome_diferente;
3DE-ZOF;3;Nome curto + apresentação;TECPLUS 1 QUARTZOLIT 3,6 L;TECPLUS 1 QUARTZOLIT 3,6 L 3,6 L Quartzolit;nome_diferente;
S0X-O7X;3;Tomada: amperagem + linha;TOMADA DUPLA 10A TRAMONTINA ARIA;TOMADA 10A DUPLA ARIA TRAMONTINA;nome_diferente;
Q8L-UC7;4;Tomada: amperagem + linha;TOMADA DUPLA 20A TRAMONTINA ARIA;TOMADA 20A DUPLA ARIA TRAMONTINA;nome_diferente;
WZD-9Y0;4;Tomada: amperagem + linha;TOMADA SIMPLES 10A TRAMONTINA ARIA;TOMADA 10A SIMPLES ARIA TRAMONTINA;nome_diferente;
1ZB-0D2;4;Tomada: amperagem + linha;TOMADA SIMPLES 20A ILUMI;TOMADA 20A SIMPLES ILUMI ILUMI;nome_diferente;
I6P-F8P;4;Tomada: amperagem + linha;TOMADA SIMPLES 20A TRAMONTINA  LUX;TOMADA 20A SIMPLES LUX TRAMONTINA;nome_diferente;
2Z9-R34;4;Tomada: amperagem + linha;TOMADA SIMPLES 20A TRAMONTINA ARIA;TOMADA 20A SIMPLES ARIA TRAMONTINA;nome_diferente;
7QS-O6L;4;Tomada: amperagem + linha;TOMADA SOBREPOR 10A ILUMI;TOMADA 10A SIMPLES ILUMI ILUMI;nome_diferente;
043-5GC;4;Produto avulso — revisar depois;ROLO DE LA ANTI-RESPINGO 23CM S/CABO ROMA 822-23;ROLO LA ANTI-RESPINGO 23CM S/CABO AVULSO Roma;nome_diferente;
