categoria,codigo_interno,linha,faixa,modelo_portfolio,kit_papel,produto_compra,ex_a,ex_b,novo_sku
B - COBERTURAS E FORROS,FPV-001,FORRO PVC,portfolio,Amadeirado,Lâmina,LÂMINA FORRO PVC,Cerejeira,8x20x6m,FORRO PVC AMADEIRADO CEREJEIRA 8x20x6m
B - COBERTURAS E FORROS,FPV-002,FORRO PVC,portfolio,Amadeirado,Lâmina,LÂMINA FORRO PVC,Branco,8x20x6m,FORRO PVC AMADEIRADO BRANCO 8x20x6m
B - COBERTURAS E FORROS,FPV-003,FORRO PVC,portfolio,Liso,Lâmina,LÂMINA FORRO PVC,Branco,8x20x6m,FORRO PVC LISO BRANCO 8x20x6m
B - COBERTURAS E FORROS,FPV-010,FORRO PVC,mix_pvc,,,PERFIL PVC U,,06m,PERFIL PVC U 06M BRANCO
B - COBERTURAS E FORROS,FPV-011,FORRO PVC,mix_pvc,,,PERFIL PVC H,,06m,PERFIL PVC H 06M BRANCO
B - COBERTURAS E FORROS,FPV-012,FORRO PVC,mix_pvc,,,PERFIL PVC F,,06m,PERFIL PVC F 06M BRANCO
B - COBERTURAS E FORROS,FPV-013,FORRO PVC,mix_pvc,,,PERFIL PVC COLONIAL,,06m,PERFIL PVC COLONIAL 06M BRANCO
B - COBERTURAS E FORROS,FPV-020,FORRO PVC,mix_pvc,,,EMENDA FORRO PVC,,,EMENDA FORRO PVC
B - COBERTURAS E FORROS,FPV-030,FORRO PVC,mix_metal,,,PERFIL METÁLICO ARMAÇÃO,,3m,PERFIL METÁLICO ARMAÇÃO 3M
